,ObjectId,Country,ISO2,ISO3,Unit,Measure,Date,Value,Year,Month,Day
20,21,World,,WLD,Millimeters,World,12/17/1992,-15.95,1992,12,17
47,48,World,,WLD,Millimeters,World,12/27/1992,-17.65,1992,12,27
71,72,World,,WLD,Millimeters,World,01/05/1993,-14.55,1993,1,5
93,94,World,,WLD,Millimeters,World,01/15/1993,-19.55,1993,1,15
122,123,World,,WLD,Millimeters,World,01/25/1993,-24.95,1993,1,25
147,148,World,,WLD,Millimeters,World,02/05/1993,-29.05,1993,2,5
172,173,World,,WLD,Millimeters,World,02/14/1993,-27.35,1993,2,14
195,196,World,,WLD,Millimeters,World,02/24/1993,-21.55,1993,2,24
222,223,World,,WLD,Millimeters,World,03/06/1993,-18.65,1993,3,6
247,248,World,,WLD,Millimeters,World,03/16/1993,-19.15,1993,3,16
272,273,World,,WLD,Millimeters,World,03/26/1993,-22.65,1993,3,26
297,298,World,,WLD,Millimeters,World,04/15/1993,-25.95,1993,4,15
313,314,World,,WLD,Millimeters,World,04/24/1993,-19.75,1993,4,24
344,345,World,,WLD,Millimeters,World,05/04/1993,-19.55,1993,5,4
370,371,World,,WLD,Millimeters,World,05/14/1993,-16.85,1993,5,14
397,398,World,,WLD,Millimeters,World,05/24/1993,-21.75,1993,5,24
420,421,World,,WLD,Millimeters,World,06/03/1993,-26.45,1993,6,3
447,448,World,,WLD,Millimeters,World,06/13/1993,-23.45,1993,6,13
472,473,World,,WLD,Millimeters,World,06/23/1993,-18.65,1993,6,23
498,499,World,,WLD,Millimeters,World,07/03/1993,-15.35,1993,7,3
522,523,World,,WLD,Millimeters,World,07/13/1993,-15.95,1993,7,13
548,549,World,,WLD,Millimeters,World,08/02/1993,-22.75,1993,8,2
573,574,World,,WLD,Millimeters,World,08/12/1993,-18.55,1993,8,12
593,594,World,,WLD,Millimeters,World,08/21/1993,-13.15,1993,8,21
620,621,World,,WLD,Millimeters,World,08/31/1993,-8.05,1993,8,31
646,647,World,,WLD,Millimeters,World,09/10/1993,-8.75,1993,9,10
672,673,World,,WLD,Millimeters,World,09/20/1993,-13.85,1993,9,20
697,698,World,,WLD,Millimeters,World,09/30/1993,-13.25,1993,9,30
722,723,World,,WLD,Millimeters,World,10/10/1993,-7.75,1993,10,10
747,748,World,,WLD,Millimeters,World,10/20/1993,-8.05,1993,10,20
772,773,World,,WLD,Millimeters,World,11/09/1993,-5.15,1993,11,9
797,798,World,,WLD,Millimeters,World,11/19/1993,-11.75,1993,11,19
822,823,World,,WLD,Millimeters,World,11/29/1993,-13.35,1993,11,29
843,844,World,,WLD,Millimeters,World,12/08/1993,-12.15,1993,12,8
870,871,World,,WLD,Millimeters,World,12/18/1993,-5.85,1993,12,18
895,896,World,,WLD,Millimeters,World,12/28/1993,-5.25,1993,12,28
921,922,World,,WLD,Millimeters,World,01/07/1994,-15.15,1994,1,7
947,948,World,,WLD,Millimeters,World,01/17/1994,-16.15,1994,1,17
972,973,World,,WLD,Millimeters,World,01/27/1994,-18.55,1994,1,27
997,998,World,,WLD,Millimeters,World,02/06/1994,-20.85,1994,2,6
1022,1023,World,,WLD,Millimeters,World,02/16/1994,-19.75,1994,2,16
1047,1048,World,,WLD,Millimeters,World,02/26/1994,-13.75,1994,2,26
1073,1074,World,,WLD,Millimeters,World,03/08/1994,-13.25,1994,3,8
1094,1095,World,,WLD,Millimeters,World,03/27/1994,-18.35,1994,3,27
1119,1120,World,,WLD,Millimeters,World,04/06/1994,-16.15,1994,4,6
1146,1147,World,,WLD,Millimeters,World,04/16/1994,-14.05,1994,4,16
1172,1173,World,,WLD,Millimeters,World,04/26/1994,-11.55,1994,4,26
1197,1198,World,,WLD,Millimeters,World,05/06/1994,-15.35,1994,5,6
1222,1223,World,,WLD,Millimeters,World,05/16/1994,-20.25,1994,5,16
1247,1248,World,,WLD,Millimeters,World,05/26/1994,-23.35,1994,5,26
1272,1273,World,,WLD,Millimeters,World,06/05/1994,-20.45,1994,6,5
1297,1298,World,,WLD,Millimeters,World,06/15/1994,-14.05,1994,6,15
1319,1320,World,,WLD,Millimeters,World,07/04/1994,-20.15,1994,7,4
1344,1345,World,,WLD,Millimeters,World,07/14/1994,-18.45,1994,7,14
1371,1372,World,,WLD,Millimeters,World,07/24/1994,-20.45,1994,7,24
1396,1397,World,,WLD,Millimeters,World,08/03/1994,-15.55,1994,8,3
1422,1423,World,,WLD,Millimeters,World,08/13/1994,-11.65,1994,8,13
1447,1448,World,,WLD,Millimeters,World,08/23/1994,-7.25,1994,8,23
1472,1473,World,,WLD,Millimeters,World,09/02/1994,-8.45,1994,9,2
1497,1498,World,,WLD,Millimeters,World,09/12/1994,-9.45,1994,9,12
1523,1524,World,,WLD,Millimeters,World,09/22/1994,-10.85,1994,9,22
1547,1548,World,,WLD,Millimeters,World,10/02/1994,-8.65,1994,10,2
1572,1573,World,,WLD,Millimeters,World,10/12/1994,-6.25,1994,10,12
1589,1590,World,,WLD,Millimeters,World,10/21/1994,0.25,1994,10,21
1620,1621,World,,WLD,Millimeters,World,10/31/1994,-1.45,1994,10,31
1646,1647,World,,WLD,Millimeters,World,11/20/1994,-10.45,1994,11,20
1671,1672,World,,WLD,Millimeters,World,11/30/1994,-11.75,1994,11,30
1697,1698,World,,WLD,Millimeters,World,12/10/1994,-3.15,1994,12,10
1722,1723,World,,WLD,Millimeters,World,12/20/1994,-3.55,1994,12,20
1747,1748,World,,WLD,Millimeters,World,12/30/1994,-8.05,1994,12,30
1772,1773,World,,WLD,Millimeters,World,01/09/1995,-12.15,1995,1,9
1797,1798,World,,WLD,Millimeters,World,01/19/1995,-15.75,1995,1,19
1823,1824,World,,WLD,Millimeters,World,01/29/1995,-8.35,1995,1,29
1842,1843,World,,WLD,Millimeters,World,02/07/1995,-9.65,1995,2,7
1869,1870,World,,WLD,Millimeters,World,02/17/1995,-11.45,1995,2,17
1896,1897,World,,WLD,Millimeters,World,02/27/1995,-12.15,1995,2,27
1921,1922,World,,WLD,Millimeters,World,03/19/1995,-11.15,1995,3,19
1945,1946,World,,WLD,Millimeters,World,03/29/1995,-16.55,1995,3,29
1972,1973,World,,WLD,Millimeters,World,04/08/1995,-11.05,1995,4,8
1997,1998,World,,WLD,Millimeters,World,04/18/1995,-8.95,1995,4,18
2022,2023,World,,WLD,Millimeters,World,04/28/1995,-12.95,1995,4,28
2047,2048,World,,WLD,Millimeters,World,05/18/1995,-17.75,1995,5,18
2073,2074,World,,WLD,Millimeters,World,05/28/1995,-14.65,1995,5,28
2094,2095,World,,WLD,Millimeters,World,06/06/1995,-9.15,1995,6,6
2120,2121,World,,WLD,Millimeters,World,06/16/1995,-12.25,1995,6,16
2147,2148,World,,WLD,Millimeters,World,06/26/1995,-17.55,1995,6,26
2172,2173,World,,WLD,Millimeters,World,07/16/1995,-20.45,1995,7,16
2197,2198,World,,WLD,Millimeters,World,07/26/1995,-15.35,1995,7,26
2222,2223,World,,WLD,Millimeters,World,08/05/1995,-11.45,1995,8,5
2247,2248,World,,WLD,Millimeters,World,08/15/1995,-7.15,1995,8,15
2272,2273,World,,WLD,Millimeters,World,08/25/1995,-10.75,1995,8,25
2298,2299,World,,WLD,Millimeters,World,09/04/1995,-10.55,1995,9,4
2317,2318,World,,WLD,Millimeters,World,09/13/1995,-6.25,1995,9,13
2342,2343,World,,WLD,Millimeters,World,09/23/1995,2.15,1995,9,23
2370,2371,World,,WLD,Millimeters,World,10/03/1995,0.15,1995,10,3
2396,2397,World,,WLD,Millimeters,World,10/13/1995,-0.85,1995,10,13
2422,2423,World,,WLD,Millimeters,World,11/02/1995,-5.15,1995,11,2
2447,2448,World,,WLD,Millimeters,World,11/12/1995,-4.85,1995,11,12
2464,2465,World,,WLD,Millimeters,World,11/21/1995,-1.45,1995,11,21
2497,2498,World,,WLD,Millimeters,World,12/12/1995,-1.15,1995,12,12
2522,2523,World,,WLD,Millimeters,World,12/22/1995,-3.15,1995,12,22
2544,2545,World,,WLD,Millimeters,World,12/31/1995,-10.05,1995,12,31
2569,2570,World,,WLD,Millimeters,World,01/10/1996,-13.05,1996,1,10
2597,2598,World,,WLD,Millimeters,World,01/20/1996,-11.55,1996,1,20
2622,2623,World,,WLD,Millimeters,World,01/30/1996,-7.25,1996,1,30
2646,2647,World,,WLD,Millimeters,World,02/09/1996,-4.05,1996,2,9
2671,2672,World,,WLD,Millimeters,World,02/29/1996,-11.15,1996,2,29
2697,2698,World,,WLD,Millimeters,World,03/10/1996,-14.35,1996,3,10
2722,2723,World,,WLD,Millimeters,World,03/20/1996,-11.05,1996,3,20
2747,2748,World,,WLD,Millimeters,World,03/30/1996,-6.75,1996,3,30
2772,2773,World,,WLD,Millimeters,World,04/09/1996,-9.95,1996,4,9
2797,2798,World,,WLD,Millimeters,World,04/19/1996,-14.45,1996,4,19
2822,2823,World,,WLD,Millimeters,World,04/29/1996,-14.75,1996,4,29
2847,2848,World,,WLD,Millimeters,World,05/09/1996,-12.35,1996,5,9
2873,2874,World,,WLD,Millimeters,World,05/19/1996,-9.75,1996,5,19
2889,2890,World,,WLD,Millimeters,World,05/28/1996,-7.75,1996,5,28
2916,2917,World,,WLD,Millimeters,World,06/07/1996,-10.55,1996,6,7
2944,2945,World,,WLD,Millimeters,World,06/27/1996,-15.75,1996,6,27
2970,2971,World,,WLD,Millimeters,World,07/07/1996,-13.05,1996,7,7
2994,2995,World,,WLD,Millimeters,World,07/17/1996,-7.65,1996,7,17
3021,3022,World,,WLD,Millimeters,World,07/27/1996,-2.55,1996,7,27
3047,3048,World,,WLD,Millimeters,World,08/06/1996,-4.75,1996,8,6
3072,3073,World,,WLD,Millimeters,World,08/16/1996,-9.75,1996,8,16
3097,3098,World,,WLD,Millimeters,World,08/26/1996,-9.75,1996,8,26
3122,3123,World,,WLD,Millimeters,World,09/05/1996,-9.95,1996,9,5
3147,3148,World,,WLD,Millimeters,World,09/15/1996,-2.55,1996,9,15
3171,3172,World,,WLD,Millimeters,World,09/25/1996,4.95,1996,9,25
3197,3198,World,,WLD,Millimeters,World,10/05/1996,6.45,1996,10,5
3222,3223,World,,WLD,Millimeters,World,10/25/1996,13.05,1996,10,25
3240,3241,World,,WLD,Millimeters,World,11/03/1996,12.95,1996,11,3
3266,3267,World,,WLD,Millimeters,World,11/13/1996,9.15,1996,11,13
3294,3295,World,,WLD,Millimeters,World,11/23/1996,1.95,1996,11,23
3320,3321,World,,WLD,Millimeters,World,12/03/1996,-1.65,1996,12,3
3346,3347,World,,WLD,Millimeters,World,12/13/1996,-5.75,1996,12,13
3371,3372,World,,WLD,Millimeters,World,12/23/1996,-13.05,1996,12,23
3397,3398,World,,WLD,Millimeters,World,01/02/1997,-10.25,1997,1,2
3422,3423,World,,WLD,Millimeters,World,01/12/1997,-5.35,1997,1,12
3447,3448,World,,WLD,Millimeters,World,01/22/1997,-6.55,1997,1,22
3472,3473,World,,WLD,Millimeters,World,02/01/1997,-7.85,1997,2,1
3497,3498,World,,WLD,Millimeters,World,02/21/1997,-12.55,1997,2,21
3522,3523,World,,WLD,Millimeters,World,03/03/1997,-10.55,1997,3,3
3543,3544,World,,WLD,Millimeters,World,03/12/1997,-8.95,1997,3,12
3568,3569,World,,WLD,Millimeters,World,03/22/1997,-6.85,1997,3,22
3595,3596,World,,WLD,Millimeters,World,04/01/1997,-8.65,1997,4,1
3621,3622,World,,WLD,Millimeters,World,04/11/1997,-12.75,1997,4,11
3646,3647,World,,WLD,Millimeters,World,04/21/1997,-15.45,1997,4,21
3672,3673,World,,WLD,Millimeters,World,05/01/1997,-11.45,1997,5,1
3697,3698,World,,WLD,Millimeters,World,05/11/1997,-6.15,1997,5,11
3723,3724,World,,WLD,Millimeters,World,05/21/1997,-8.55,1997,5,21
3747,3748,World,,WLD,Millimeters,World,05/31/1997,-8.45,1997,5,31
3772,3773,World,,WLD,Millimeters,World,06/20/1997,-15.15,1997,6,20
3796,3797,World,,WLD,Millimeters,World,06/29/1997,-9.65,1997,6,29
3820,3821,World,,WLD,Millimeters,World,07/09/1997,-6.05,1997,7,9
3846,3847,World,,WLD,Millimeters,World,07/19/1997,0.25,1997,7,19
3872,3873,World,,WLD,Millimeters,World,07/29/1997,-4.25,1997,7,29
3898,3899,World,,WLD,Millimeters,World,08/18/1997,-4.45,1997,8,18
3922,3923,World,,WLD,Millimeters,World,08/28/1997,-0.25,1997,8,28
3947,3948,World,,WLD,Millimeters,World,09/07/1997,4.55,1997,9,7
3972,3973,World,,WLD,Millimeters,World,09/17/1997,9.15,1997,9,17
3998,3999,World,,WLD,Millimeters,World,09/27/1997,6.55,1997,9,27
4015,4016,World,,WLD,Millimeters,World,10/16/1997,4.45,1997,10,16
4044,4045,World,,WLD,Millimeters,World,10/26/1997,6.75,1997,10,26
4071,4072,World,,WLD,Millimeters,World,11/05/1997,10.95,1997,11,5
4096,4097,World,,WLD,Millimeters,World,11/15/1997,4.95,1997,11,15
4122,4123,World,,WLD,Millimeters,World,11/25/1997,-0.55,1997,11,25
4146,4147,World,,WLD,Millimeters,World,12/05/1997,-4.35,1997,12,5
4172,4173,World,,WLD,Millimeters,World,12/15/1997,-7.85,1997,12,15
4197,4198,World,,WLD,Millimeters,World,12/25/1997,-2.85,1997,12,25
4222,4223,World,,WLD,Millimeters,World,01/04/1998,-1.55,1998,1,4
4247,4248,World,,WLD,Millimeters,World,01/14/1998,-0.85,1998,1,14
4265,4266,World,,WLD,Millimeters,World,02/02/1998,-8.15,1998,2,2
4295,4296,World,,WLD,Millimeters,World,02/12/1998,-8.45,1998,2,12
4321,4322,World,,WLD,Millimeters,World,02/22/1998,-6.05,1998,2,22
4346,4347,World,,WLD,Millimeters,World,03/04/1998,-3.95,1998,3,4
4372,4373,World,,WLD,Millimeters,World,03/14/1998,-3.65,1998,3,14
4397,4398,World,,WLD,Millimeters,World,03/24/1998,-6.95,1998,3,24
4422,4423,World,,WLD,Millimeters,World,04/03/1998,-10.85,1998,4,3
4441,4442,World,,WLD,Millimeters,World,04/12/1998,-9.15,1998,4,12
4472,4473,World,,WLD,Millimeters,World,04/23/1998,-4.55,1998,4,23
4498,4499,World,,WLD,Millimeters,World,05/03/1998,-3.45,1998,5,3
4523,4524,World,,WLD,Millimeters,World,05/13/1998,-6.95,1998,5,13
4544,4545,World,,WLD,Millimeters,World,06/01/1998,-15.95,1998,6,1
4571,4572,World,,WLD,Millimeters,World,06/11/1998,-13.75,1998,6,11
4596,4597,World,,WLD,Millimeters,World,06/21/1998,-10.05,1998,6,21
4621,4622,World,,WLD,Millimeters,World,07/01/1998,-3.35,1998,7,1
4647,4648,World,,WLD,Millimeters,World,07/11/1998,-4.45,1998,7,11
4672,4673,World,,WLD,Millimeters,World,07/21/1998,-9.25,1998,7,21
4697,4698,World,,WLD,Millimeters,World,08/10/1998,-7.05,1998,8,10
4722,4723,World,,WLD,Millimeters,World,08/20/1998,-4.25,1998,8,20
4748,4749,World,,WLD,Millimeters,World,08/30/1998,0.15,1998,8,30
4766,4767,World,,WLD,Millimeters,World,09/08/1998,0.65,1998,9,8
4794,4795,World,,WLD,Millimeters,World,09/18/1998,-4.85,1998,9,18
4821,4822,World,,WLD,Millimeters,World,09/28/1998,-4.35,1998,9,28
4847,4848,World,,WLD,Millimeters,World,10/08/1998,-2.25,1998,10,8
4871,4872,World,,WLD,Millimeters,World,10/28/1998,6.85,1998,10,28
4897,4898,World,,WLD,Millimeters,World,11/07/1998,2.85,1998,11,7
4922,4923,World,,WLD,Millimeters,World,11/17/1998,-3.75,1998,11,17
4947,4948,World,,WLD,Millimeters,World,11/27/1998,-9.85,1998,11,27
4972,4973,World,,WLD,Millimeters,World,12/07/1998,-3.65,1998,12,7
4997,4998,World,,WLD,Millimeters,World,12/17/1998,-2.95,1998,12,17
5018,5019,World,,WLD,Millimeters,World,12/26/1998,0.45,1998,12,26
5045,5046,World,,WLD,Millimeters,World,01/05/1999,-3.85,1999,1,5
5071,5072,World,,WLD,Millimeters,World,01/15/1999,-6.55,1999,1,15
5097,5098,World,,WLD,Millimeters,World,02/04/1999,-10.85,1999,2,4
5114,5115,World,,WLD,Millimeters,World,02/15/1999,4.05,1999,2,15
5147,5148,World,,WLD,Millimeters,World,02/24/1999,-0.95,1999,2,24
5172,5173,World,,WLD,Millimeters,World,03/06/1999,-6.05,1999,3,6
5197,5198,World,,WLD,Millimeters,World,03/16/1999,-11.45,1999,3,16
5222,5223,World,,WLD,Millimeters,World,03/26/1999,-10.05,1999,3,26
5247,5248,World,,WLD,Millimeters,World,04/05/1999,-7.55,1999,4,5
5267,5268,World,,WLD,Millimeters,World,04/14/1999,-5.05,1999,4,14
5294,5295,World,,WLD,Millimeters,World,05/04/1999,-7.95,1999,5,4
5320,5321,World,,WLD,Millimeters,World,05/14/1999,-13.45,1999,5,14
5346,5347,World,,WLD,Millimeters,World,05/24/1999,-15.95,1999,5,24
5372,5373,World,,WLD,Millimeters,World,06/03/1999,-10.15,1999,6,3
5397,5398,World,,WLD,Millimeters,World,06/13/1999,-11.25,1999,6,13
5422,5423,World,,WLD,Millimeters,World,06/23/1999,-6.95,1999,6,23
5448,5449,World,,WLD,Millimeters,World,07/03/1999,-4.25,1999,7,3
5472,5473,World,,WLD,Millimeters,World,07/13/1999,-8.95,1999,7,13
5497,5498,World,,WLD,Millimeters,World,07/23/1999,-10.25,1999,7,23
5518,5519,World,,WLD,Millimeters,World,08/01/1999,-4.05,1999,8,1
5545,5546,World,,WLD,Millimeters,World,08/11/1999,-2.95,1999,8,11
5572,5573,World,,WLD,Millimeters,World,08/21/1999,2.15,1999,8,21
5597,5598,World,,WLD,Millimeters,World,09/10/1999,-2.65,1999,9,10
5622,5623,World,,WLD,Millimeters,World,09/20/1999,1.65,1999,9,20
5647,5648,World,,WLD,Millimeters,World,09/30/1999,3.15,1999,9,30
5672,5673,World,,WLD,Millimeters,World,10/10/1999,11.65,1999,10,10
5697,5698,World,,WLD,Millimeters,World,10/20/1999,11.05,1999,10,20
5723,5724,World,,WLD,Millimeters,World,10/30/1999,5.75,1999,10,30
5748,5749,World,,WLD,Millimeters,World,11/09/1999,-0.85,1999,11,9
5773,5774,World,,WLD,Millimeters,World,11/19/1999,-1.25,1999,11,19
5795,5796,World,,WLD,Millimeters,World,11/28/1999,1.75,1999,11,28
5822,5823,World,,WLD,Millimeters,World,12/18/1999,7.95,1999,12,18
5847,5848,World,,WLD,Millimeters,World,12/28/1999,6.05,1999,12,28
5872,5873,World,,WLD,Millimeters,World,01/07/2000,-2.75,2000,1,7
5897,5898,World,,WLD,Millimeters,World,01/17/2000,-2.85,2000,1,17
5922,5923,World,,WLD,Millimeters,World,01/27/2000,3.75,2000,1,27
5947,5948,World,,WLD,Millimeters,World,02/06/2000,1.05,2000,2,6
5972,5973,World,,WLD,Millimeters,World,02/16/2000,-1.25,2000,2,16
5997,5998,World,,WLD,Millimeters,World,02/26/2000,-4.25,2000,2,26
6022,6023,World,,WLD,Millimeters,World,03/07/2000,-8.95,2000,3,7
6047,6048,World,,WLD,Millimeters,World,03/17/2000,-9.25,2000,3,17
6072,6073,World,,WLD,Millimeters,World,03/27/2000,-0.85,2000,3,27
6094,6095,World,,WLD,Millimeters,World,04/15/2000,-2.25,2000,4,15
6120,6121,World,,WLD,Millimeters,World,04/25/2000,-8.15,2000,4,25
6146,6147,World,,WLD,Millimeters,World,05/05/2000,-12.55,2000,5,5
6171,6172,World,,WLD,Millimeters,World,05/15/2000,-11.95,2000,5,15
6197,6198,World,,WLD,Millimeters,World,05/25/2000,-8.05,2000,5,25
6221,6222,World,,WLD,Millimeters,World,06/04/2000,-3.55,2000,6,4
6247,6248,World,,WLD,Millimeters,World,06/14/2000,-4.65,2000,6,14
6272,6273,World,,WLD,Millimeters,World,06/24/2000,-7.75,2000,6,24
6297,6298,World,,WLD,Millimeters,World,07/04/2000,-9.35,2000,7,4
6322,6323,World,,WLD,Millimeters,World,07/14/2000,-5.85,2000,7,14
6347,6348,World,,WLD,Millimeters,World,08/03/2000,-1.65,2000,8,3
6372,6373,World,,WLD,Millimeters,World,08/13/2000,0.45,2000,8,13
6398,6399,World,,WLD,Millimeters,World,08/23/2000,-0.85,2000,8,23
6422,6423,World,,WLD,Millimeters,World,09/02/2000,-6.25,2000,9,2
6443,6444,World,,WLD,Millimeters,World,09/11/2000,-1.65,2000,9,11
6470,6471,World,,WLD,Millimeters,World,09/21/2000,8.15,2000,9,21
6495,6496,World,,WLD,Millimeters,World,10/01/2000,13.35,2000,10,1
6520,6521,World,,WLD,Millimeters,World,10/11/2000,12.45,2000,10,11
6547,6548,World,,WLD,Millimeters,World,10/21/2000,5.15,2000,10,21
6572,6573,World,,WLD,Millimeters,World,11/10/2000,5.05,2000,11,10
6597,6598,World,,WLD,Millimeters,World,11/20/2000,7.95,2000,11,20
6620,6621,World,,WLD,Millimeters,World,11/30/2000,9.65,2000,11,30
6647,6648,World,,WLD,Millimeters,World,12/10/2000,7.05,2000,12,10
6672,6673,World,,WLD,Millimeters,World,12/20/2000,3.05,2000,12,20
6697,6698,World,,WLD,Millimeters,World,12/30/2000,2.75,2000,12,30
6723,6724,World,,WLD,Millimeters,World,01/09/2001,2.75,2001,1,9
6743,6744,World,,WLD,Millimeters,World,01/28/2001,4.25,2001,1,28
6769,6770,World,,WLD,Millimeters,World,02/07/2001,0.75,2001,2,7
6796,6797,World,,WLD,Millimeters,World,02/17/2001,-6.15,2001,2,17
6821,6822,World,,WLD,Millimeters,World,02/27/2001,-5.25,2001,2,27
6847,6848,World,,WLD,Millimeters,World,03/09/2001,0.75,2001,3,9
6871,6872,World,,WLD,Millimeters,World,03/19/2001,-0.35,2001,3,19
6897,6898,World,,WLD,Millimeters,World,03/29/2001,3.45,2001,3,29
6922,6923,World,,WLD,Millimeters,World,04/08/2001,0.75,2001,4,8
6947,6948,World,,WLD,Millimeters,World,04/18/2001,-2.55,2001,4,18
6972,6973,World,,WLD,Millimeters,World,04/28/2001,-6.65,2001,4,28
6997,6998,World,,WLD,Millimeters,World,05/08/2001,-4.85,2001,5,8
7016,7017,World,,WLD,Millimeters,World,05/17/2001,0.65,2001,5,17
7044,7045,World,,WLD,Millimeters,World,05/27/2001,0.55,2001,5,27
7070,7071,World,,WLD,Millimeters,World,06/06/2001,-1.05,2001,6,6
7096,7097,World,,WLD,Millimeters,World,06/16/2001,-6.05,2001,6,16
7121,7122,World,,WLD,Millimeters,World,06/26/2001,-0.55,2001,6,26
7147,7148,World,,WLD,Millimeters,World,07/06/2001,2.35,2001,7,6
7172,7173,World,,WLD,Millimeters,World,07/16/2001,7.25,2001,7,16
7197,7198,World,,WLD,Millimeters,World,07/26/2001,4.85,2001,7,26
7222,7223,World,,WLD,Millimeters,World,08/05/2001,6.85,2001,8,5
7247,7248,World,,WLD,Millimeters,World,08/15/2001,0.55,2001,8,15
7273,7274,World,,WLD,Millimeters,World,08/25/2001,0.25,2001,8,25
7291,7292,World,,WLD,Millimeters,World,09/03/2001,5.75,2001,9,3
7320,7321,World,,WLD,Millimeters,World,09/13/2001,16.05,2001,9,13
7345,7346,World,,WLD,Millimeters,World,09/23/2001,17.05,2001,9,23
7371,7372,World,,WLD,Millimeters,World,10/03/2001,15.25,2001,10,3
7397,7398,World,,WLD,Millimeters,World,10/13/2001,8.05,2001,10,13
7422,7423,World,,WLD,Millimeters,World,10/23/2001,4.35,2001,10,23
7446,7447,World,,WLD,Millimeters,World,11/02/2001,11.95,2001,11,2
7472,7473,World,,WLD,Millimeters,World,11/12/2001,16.85,2001,11,12
7497,7498,World,,WLD,Millimeters,World,11/22/2001,14.85,2001,11,22
7522,7523,World,,WLD,Millimeters,World,12/02/2001,11.25,2001,12,2
7548,7549,World,,WLD,Millimeters,World,12/12/2001,5.05,2001,12,12
7569,7570,World,,WLD,Millimeters,World,12/21/2001,3.95,2001,12,21
7594,7595,World,,WLD,Millimeters,World,12/31/2001,10.65,2001,12,31
7620,7621,World,,WLD,Millimeters,World,01/10/2002,7.35,2002,1,10
7648,7649,World,,WLD,Millimeters,World,01/20/2002,0.36,2002,1,20
7669,7670,World,,WLD,Millimeters,World,01/20/2002,5.35,2002,1,20
7694,7695,World,,WLD,Millimeters,World,01/30/2002,5.96,2002,1,30
7716,7717,World,,WLD,Millimeters,World,01/30/2002,3.95,2002,1,30
7748,7749,World,,WLD,Millimeters,World,02/09/2002,6.56,2002,2,9
7771,7772,World,,WLD,Millimeters,World,02/09/2002,-1.35,2002,2,9
7800,7801,World,,WLD,Millimeters,World,02/19/2002,6.66,2002,2,19
7821,7822,World,,WLD,Millimeters,World,02/19/2002,0.15,2002,2,19
7850,7851,World,,WLD,Millimeters,World,03/01/2002,5.26,2002,3,1
7871,7872,World,,WLD,Millimeters,World,03/01/2002,4.75,2002,3,1
7901,7902,World,,WLD,Millimeters,World,03/11/2002,-0.94,2002,3,11
7921,7922,World,,WLD,Millimeters,World,03/11/2002,5.25,2002,3,11
7954,7955,World,,WLD,Millimeters,World,03/21/2002,0.56,2002,3,21
7971,7972,World,,WLD,Millimeters,World,03/21/2002,5.45,2002,3,21
7987,7988,World,,WLD,Millimeters,World,03/30/2002,-0.84,2002,3,30
8021,8022,World,,WLD,Millimeters,World,03/31/2002,-0.25,2002,3,31
8051,8052,World,,WLD,Millimeters,World,04/09/2002,-2.25,2002,4,9
8065,8066,World,,WLD,Millimeters,World,04/10/2002,3.86,2002,4,10
8093,8094,World,,WLD,Millimeters,World,04/19/2002,-0.54,2002,4,19
8122,8123,World,,WLD,Millimeters,World,04/20/2002,-6.05,2002,4,20
8145,8146,World,,WLD,Millimeters,World,04/29/2002,0.16,2002,4,29
8166,8167,World,,WLD,Millimeters,World,04/29/2002,0.45,2002,4,29
8197,8198,World,,WLD,Millimeters,World,05/09/2002,-0.24,2002,5,9
8219,8220,World,,WLD,Millimeters,World,05/09/2002,4.05,2002,5,9
8248,8249,World,,WLD,Millimeters,World,05/19/2002,1.56,2002,5,19
8271,8272,World,,WLD,Millimeters,World,05/19/2002,3.75,2002,5,19
8299,8300,World,,WLD,Millimeters,World,05/29/2002,0.66,2002,5,29
8320,8321,World,,WLD,Millimeters,World,05/29/2002,1.45,2002,5,29
8348,8349,World,,WLD,Millimeters,World,06/08/2002,-1.84,2002,6,8
8371,8372,World,,WLD,Millimeters,World,06/08/2002,-5.35,2002,6,8
8401,8402,World,,WLD,Millimeters,World,06/18/2002,1.76,2002,6,18
8421,8422,World,,WLD,Millimeters,World,06/18/2002,-0.85,2002,6,18
8452,8453,World,,WLD,Millimeters,World,06/28/2002,4.66,2002,6,28
8471,8472,World,,WLD,Millimeters,World,06/28/2002,9.15,2002,6,28
8498,8499,World,,WLD,Millimeters,World,07/08/2002,2.96,2002,7,8
8531,8532,World,,WLD,Millimeters,World,07/18/2002,5.96,2002,7,18
8547,8548,World,,WLD,Millimeters,World,07/18/2002,6.85,2002,7,18
8570,8571,World,,WLD,Millimeters,World,07/27/2002,9.16,2002,7,27
8586,8587,World,,WLD,Millimeters,World,07/27/2002,4.85,2002,7,27
8620,8621,World,,WLD,Millimeters,World,08/06/2002,10.56,2002,8,6
8639,8640,World,,WLD,Millimeters,World,08/06/2002,4.65,2002,8,6
8675,8676,World,,WLD,Millimeters,World,08/16/2002,12.36,2002,8,16
8692,8693,World,,WLD,Millimeters,World,08/16/2002,8.35,2002,8,16
8721,8722,World,,WLD,Millimeters,World,08/26/2002,10.56,2002,8,26
8747,8748,World,,WLD,Millimeters,World,08/28/2002,13.75,2002,8,28
8774,8775,World,,WLD,Millimeters,World,09/05/2002,9.76,2002,9,5
8796,8797,World,,WLD,Millimeters,World,09/05/2002,15.35,2002,9,5
8822,8823,World,,WLD,Millimeters,World,09/15/2002,10.96,2002,9,15
8841,8842,World,,WLD,Millimeters,World,09/15/2002,16.15,2002,9,15
8874,8875,World,,WLD,Millimeters,World,09/25/2002,14.66,2002,9,25
8896,8897,World,,WLD,Millimeters,World,09/25/2002,14.45,2002,9,25
8926,8927,World,,WLD,Millimeters,World,10/05/2002,13.76,2002,10,5
8947,8948,World,,WLD,Millimeters,World,10/05/2002,7.05,2002,10,5
8970,8971,World,,WLD,Millimeters,World,10/14/2002,15.75,2002,10,14
8988,8989,World,,WLD,Millimeters,World,10/15/2002,18.06,2002,10,15
9030,9031,World,,WLD,Millimeters,World,10/25/2002,21.06,2002,10,25
9047,9048,World,,WLD,Millimeters,World,10/25/2002,23.85,2002,10,25
9078,9079,World,,WLD,Millimeters,World,11/04/2002,13.36,2002,11,4
9096,9097,World,,WLD,Millimeters,World,11/04/2002,20.75,2002,11,4
9117,9118,World,,WLD,Millimeters,World,11/13/2002,13.56,2002,11,13
9132,9133,World,,WLD,Millimeters,World,11/13/2002,19.45,2002,11,13
9172,9173,World,,WLD,Millimeters,World,11/23/2002,16.86,2002,11,23
9198,9199,World,,WLD,Millimeters,World,11/24/2002,18.55,2002,11,24
9223,9224,World,,WLD,Millimeters,World,12/03/2002,15.06,2002,12,3
9243,9244,World,,WLD,Millimeters,World,12/03/2002,17.75,2002,12,3
9275,9276,World,,WLD,Millimeters,World,12/13/2002,14.16,2002,12,13
9294,9295,World,,WLD,Millimeters,World,12/13/2002,17.55,2002,12,13
9322,9323,World,,WLD,Millimeters,World,12/23/2002,10.86,2002,12,23
9343,9344,World,,WLD,Millimeters,World,12/23/2002,16.85,2002,12,23
9376,9377,World,,WLD,Millimeters,World,01/02/2003,9.16,2003,1,2
9396,9397,World,,WLD,Millimeters,World,01/02/2003,16.85,2003,1,2
9429,9430,World,,WLD,Millimeters,World,01/12/2003,7.96,2003,1,12
9446,9447,World,,WLD,Millimeters,World,01/12/2003,12.35,2003,1,12
9477,9478,World,,WLD,Millimeters,World,01/22/2003,11.86,2003,1,22
9496,9497,World,,WLD,Millimeters,World,01/22/2003,12.25,2003,1,22
9530,9531,World,,WLD,Millimeters,World,02/01/2003,10.96,2003,2,1
9546,9547,World,,WLD,Millimeters,World,02/01/2003,6.95,2003,2,1
9581,9582,World,,WLD,Millimeters,World,02/11/2003,12.56,2003,2,11
9595,9596,World,,WLD,Millimeters,World,02/11/2003,11.65,2003,2,11
9630,9631,World,,WLD,Millimeters,World,02/21/2003,6.56,2003,2,21
9646,9647,World,,WLD,Millimeters,World,02/21/2003,8.85,2003,2,21
9665,9666,World,,WLD,Millimeters,World,03/02/2003,4.26,2003,3,2
9678,9679,World,,WLD,Millimeters,World,03/02/2003,12.75,2003,3,2
9720,9721,World,,WLD,Millimeters,World,03/12/2003,5.96,2003,3,12
9735,9736,World,,WLD,Millimeters,World,03/12/2003,12.55,2003,3,12
9774,9775,World,,WLD,Millimeters,World,03/22/2003,6.86,2003,3,22
9795,9796,World,,WLD,Millimeters,World,03/22/2003,6.75,2003,3,22
9823,9824,World,,WLD,Millimeters,World,04/01/2003,5.56,2003,4,1
9840,9841,World,,WLD,Millimeters,World,04/01/2003,6.95,2003,4,1
9873,9874,World,,WLD,Millimeters,World,04/11/2003,7.15,2003,4,11
9898,9899,World,,WLD,Millimeters,World,04/13/2003,5.46,2003,4,13
9924,9925,World,,WLD,Millimeters,World,04/21/2003,3.06,2003,4,21
9944,9945,World,,WLD,Millimeters,World,04/21/2003,10.35,2003,4,21
9977,9978,World,,WLD,Millimeters,World,05/01/2003,3.86,2003,5,1
9997,9998,World,,WLD,Millimeters,World,05/01/2003,13.15,2003,5,1
10026,10027,World,,WLD,Millimeters,World,05/11/2003,5.26,2003,5,11
10045,10046,World,,WLD,Millimeters,World,05/11/2003,14.15,2003,5,11
10077,10078,World,,WLD,Millimeters,World,05/21/2003,5.56,2003,5,21
10098,10099,World,,WLD,Millimeters,World,05/21/2003,9.25,2003,5,21
10131,10132,World,,WLD,Millimeters,World,05/31/2003,5.46,2003,5,31
10146,10147,World,,WLD,Millimeters,World,05/31/2003,4.95,2003,5,31
10183,10184,World,,WLD,Millimeters,World,06/10/2003,2.76,2003,6,10
10197,10198,World,,WLD,Millimeters,World,06/10/2003,7.35,2003,6,10
10217,10218,World,,WLD,Millimeters,World,06/19/2003,3.86,2003,6,19
10231,10232,World,,WLD,Millimeters,World,06/19/2003,12.05,2003,6,19
10270,10271,World,,WLD,Millimeters,World,06/29/2003,1.96,2003,6,29
10287,10288,World,,WLD,Millimeters,World,06/29/2003,10.35,2003,6,29
10322,10323,World,,WLD,Millimeters,World,07/09/2003,3.26,2003,7,9
10341,10342,World,,WLD,Millimeters,World,07/09/2003,6.95,2003,7,9
10374,10375,World,,WLD,Millimeters,World,07/19/2003,7.96,2003,7,19
10395,10396,World,,WLD,Millimeters,World,07/19/2003,8.05,2003,7,19
10424,10425,World,,WLD,Millimeters,World,07/29/2003,7.46,2003,7,29
10446,10447,World,,WLD,Millimeters,World,07/29/2003,3.35,2003,7,29
10473,10474,World,,WLD,Millimeters,World,08/08/2003,9.96,2003,8,8
10497,10498,World,,WLD,Millimeters,World,08/08/2003,11.25,2003,8,8
10525,10526,World,,WLD,Millimeters,World,08/18/2003,8.36,2003,8,18
10547,10548,World,,WLD,Millimeters,World,08/18/2003,13.45,2003,8,18
10575,10576,World,,WLD,Millimeters,World,08/28/2003,12.56,2003,8,28
10597,10598,World,,WLD,Millimeters,World,08/28/2003,18.85,2003,8,28
10626,10627,World,,WLD,Millimeters,World,09/07/2003,15.56,2003,9,7
10646,10647,World,,WLD,Millimeters,World,09/07/2003,18.85,2003,9,7
10677,10678,World,,WLD,Millimeters,World,09/17/2003,17.06,2003,9,17
10697,10698,World,,WLD,Millimeters,World,09/17/2003,10.85,2003,9,17
10732,10733,World,,WLD,Millimeters,World,09/27/2003,17.96,2003,9,27
10747,10748,World,,WLD,Millimeters,World,09/27/2003,13.05,2003,9,27
10767,10768,World,,WLD,Millimeters,World,10/06/2003,20.96,2003,10,6
10784,10785,World,,WLD,Millimeters,World,10/06/2003,17.95,2003,10,6
10820,10821,World,,WLD,Millimeters,World,10/16/2003,19.46,2003,10,16
10839,10840,World,,WLD,Millimeters,World,10/16/2003,21.75,2003,10,16
10872,10873,World,,WLD,Millimeters,World,10/26/2003,19.26,2003,10,26
10889,10890,World,,WLD,Millimeters,World,10/26/2003,25.15,2003,10,26
10923,10924,World,,WLD,Millimeters,World,11/05/2003,18.36,2003,11,5
10943,10944,World,,WLD,Millimeters,World,11/05/2003,25.05,2003,11,5
10969,10970,World,,WLD,Millimeters,World,11/14/2003,16.76,2003,11,14
10996,10997,World,,WLD,Millimeters,World,11/15/2003,14.75,2003,11,15
11021,11022,World,,WLD,Millimeters,World,11/25/2003,15.55,2003,11,25
11046,11047,World,,WLD,Millimeters,World,11/29/2003,13.06,2003,11,29
11074,11075,World,,WLD,Millimeters,World,12/05/2003,17.36,2003,12,5
11094,11095,World,,WLD,Millimeters,World,12/05/2003,18.95,2003,12,5
11127,11128,World,,WLD,Millimeters,World,12/15/2003,15.96,2003,12,15
11144,11145,World,,WLD,Millimeters,World,12/15/2003,21.95,2003,12,15
11179,11180,World,,WLD,Millimeters,World,12/25/2003,11.56,2003,12,25
11194,11195,World,,WLD,Millimeters,World,12/25/2003,20.55,2003,12,25
11229,11230,World,,WLD,Millimeters,World,01/04/2004,10.96,2004,1,4
11245,11246,World,,WLD,Millimeters,World,01/04/2004,12.45,2004,1,4
11277,11278,World,,WLD,Millimeters,World,01/14/2004,14.56,2004,1,14
11294,11295,World,,WLD,Millimeters,World,01/14/2004,9.05,2004,1,14
11316,11317,World,,WLD,Millimeters,World,01/23/2004,12.66,2004,1,23
11345,11346,World,,WLD,Millimeters,World,01/24/2004,7.15,2004,1,24
11367,11368,World,,WLD,Millimeters,World,02/02/2004,10.46,2004,2,2
11385,11386,World,,WLD,Millimeters,World,02/02/2004,9.05,2004,2,2
11418,11419,World,,WLD,Millimeters,World,02/11/2004,3.96,2004,2,11
11439,11440,World,,WLD,Millimeters,World,02/12/2004,13.65,2004,2,12
11468,11469,World,,WLD,Millimeters,World,02/22/2004,10.35,2004,2,22
11495,11496,World,,WLD,Millimeters,World,02/24/2004,8.06,2004,2,24
11521,11522,World,,WLD,Millimeters,World,03/03/2004,8.66,2004,3,3
11540,11541,World,,WLD,Millimeters,World,03/03/2004,12.55,2004,3,3
11572,11573,World,,WLD,Millimeters,World,03/13/2004,7.56,2004,3,13
11593,11594,World,,WLD,Millimeters,World,03/13/2004,5.05,2004,3,13
11623,11624,World,,WLD,Millimeters,World,03/23/2004,7.86,2004,3,23
11644,11645,World,,WLD,Millimeters,World,03/23/2004,7.15,2004,3,23
11664,11665,World,,WLD,Millimeters,World,04/01/2004,9.76,2004,4,1
11692,11693,World,,WLD,Millimeters,World,04/02/2004,13.65,2004,4,2
11721,11722,World,,WLD,Millimeters,World,04/12/2004,6.76,2004,4,12
11743,11744,World,,WLD,Millimeters,World,04/12/2004,14.85,2004,4,12
11771,11772,World,,WLD,Millimeters,World,04/22/2004,9.96,2004,4,22
11795,11796,World,,WLD,Millimeters,World,04/22/2004,18.25,2004,4,22
11825,11826,World,,WLD,Millimeters,World,05/02/2004,5.16,2004,5,2
11844,11845,World,,WLD,Millimeters,World,05/02/2004,11.85,2004,5,2
11874,11875,World,,WLD,Millimeters,World,05/12/2004,5.36,2004,5,12
11895,11896,World,,WLD,Millimeters,World,05/12/2004,9.45,2004,5,12
11928,11929,World,,WLD,Millimeters,World,05/22/2004,4.46,2004,5,22
11945,11946,World,,WLD,Millimeters,World,05/22/2004,7.25,2004,5,22
11970,11971,World,,WLD,Millimeters,World,06/01/2004,8.16,2004,6,1
11995,11996,World,,WLD,Millimeters,World,06/11/2004,7.66,2004,6,11
12021,12022,World,,WLD,Millimeters,World,06/21/2004,6.46,2004,6,21
12046,12047,World,,WLD,Millimeters,World,06/22/2004,13.95,2004,6,22
12075,12076,World,,WLD,Millimeters,World,06/30/2004,8.85,2004,6,30
12085,12086,World,,WLD,Millimeters,World,07/01/2004,10.86,2004,7,1
12120,12121,World,,WLD,Millimeters,World,07/10/2004,10.76,2004,7,10
12141,12142,World,,WLD,Millimeters,World,07/10/2004,5.25,2004,7,10
12175,12176,World,,WLD,Millimeters,World,07/20/2004,9.66,2004,7,20
12189,12190,World,,WLD,Millimeters,World,07/20/2004,4.15,2004,7,20
12225,12226,World,,WLD,Millimeters,World,07/30/2004,7.96,2004,7,30
12240,12241,World,,WLD,Millimeters,World,07/30/2004,6.05,2004,7,30
12271,12272,World,,WLD,Millimeters,World,08/09/2004,10.56,2004,8,9
12285,12286,World,,WLD,Millimeters,World,08/09/2004,15.05,2004,8,9
12322,12323,World,,WLD,Millimeters,World,08/19/2004,14.46,2004,8,19
12342,12343,World,,WLD,Millimeters,World,08/19/2004,18.05,2004,8,19
12370,12371,World,,WLD,Millimeters,World,08/29/2004,15.36,2004,8,29
12392,12393,World,,WLD,Millimeters,World,08/29/2004,16.25,2004,8,29
12422,12423,World,,WLD,Millimeters,World,09/08/2004,18.26,2004,9,8
12443,12444,World,,WLD,Millimeters,World,09/08/2004,12.45,2004,9,8
12473,12474,World,,WLD,Millimeters,World,09/18/2004,22.26,2004,9,18
12493,12494,World,,WLD,Millimeters,World,09/18/2004,17.25,2004,9,18
12521,12522,World,,WLD,Millimeters,World,09/28/2004,18.76,2004,9,28
12540,12541,World,,WLD,Millimeters,World,09/28/2004,14.45,2004,9,28
12576,12577,World,,WLD,Millimeters,World,10/08/2004,21.06,2004,10,8
12594,12595,World,,WLD,Millimeters,World,10/08/2004,25.25,2004,10,8
12626,12627,World,,WLD,Millimeters,World,10/18/2004,22.56,2004,10,18
12644,12645,World,,WLD,Millimeters,World,10/18/2004,23.55,2004,10,18
12675,12676,World,,WLD,Millimeters,World,10/28/2004,21.16,2004,10,28
12691,12692,World,,WLD,Millimeters,World,10/28/2004,18.65,2004,10,28
12727,12728,World,,WLD,Millimeters,World,11/07/2004,21.46,2004,11,7
12744,12745,World,,WLD,Millimeters,World,11/07/2004,16.55,2004,11,7
12777,12778,World,,WLD,Millimeters,World,11/17/2004,21.16,2004,11,17
12793,12794,World,,WLD,Millimeters,World,11/17/2004,16.55,2004,11,17
12831,12832,World,,WLD,Millimeters,World,11/27/2004,15.06,2004,11,27
12843,12844,World,,WLD,Millimeters,World,11/27/2004,15.45,2004,11,27
12878,12879,World,,WLD,Millimeters,World,12/07/2004,17.56,2004,12,7
12892,12893,World,,WLD,Millimeters,World,12/07/2004,21.85,2004,12,7
12918,12919,World,,WLD,Millimeters,World,12/15/2004,18.45,2004,12,15
12933,12934,World,,WLD,Millimeters,World,12/16/2004,17.56,2004,12,16
12964,12965,World,,WLD,Millimeters,World,12/26/2004,22.46,2004,12,26
12982,12983,World,,WLD,Millimeters,World,12/26/2004,14.95,2004,12,26
13018,13019,World,,WLD,Millimeters,World,01/05/2005,16.36,2005,1,5
13038,13039,World,,WLD,Millimeters,World,01/05/2005,3.15,2005,1,5
13069,13070,World,,WLD,Millimeters,World,01/15/2005,14.56,2005,1,15
13086,13087,World,,WLD,Millimeters,World,01/15/2005,5.55,2005,1,15
13120,13121,World,,WLD,Millimeters,World,01/25/2005,15.66,2005,1,25
13141,13142,World,,WLD,Millimeters,World,01/25/2005,11.25,2005,1,25
13172,13173,World,,WLD,Millimeters,World,02/04/2005,13.86,2005,2,4
13190,13191,World,,WLD,Millimeters,World,02/04/2005,16.55,2005,2,4
13221,13222,World,,WLD,Millimeters,World,02/14/2005,13.86,2005,2,14
13242,13243,World,,WLD,Millimeters,World,02/14/2005,12.95,2005,2,14
13273,13274,World,,WLD,Millimeters,World,02/24/2005,12.96,2005,2,24
13292,13293,World,,WLD,Millimeters,World,02/24/2005,5.35,2005,2,24
13326,13327,World,,WLD,Millimeters,World,03/06/2005,15.96,2005,3,6
13341,13342,World,,WLD,Millimeters,World,03/06/2005,8.35,2005,3,6
13375,13376,World,,WLD,Millimeters,World,03/16/2005,14.06,2005,3,16
13392,13393,World,,WLD,Millimeters,World,03/16/2005,7.05,2005,3,16
13414,13415,World,,WLD,Millimeters,World,03/25/2005,8.66,2005,3,25
13441,13442,World,,WLD,Millimeters,World,03/26/2005,7.15,2005,3,26
13464,13465,World,,WLD,Millimeters,World,04/04/2005,9.16,2005,4,4
13479,13480,World,,WLD,Millimeters,World,04/04/2005,10.15,2005,4,4
13518,13519,World,,WLD,Millimeters,World,04/14/2005,13.96,2005,4,14
13533,13534,World,,WLD,Millimeters,World,04/14/2005,13.65,2005,4,14
13569,13570,World,,WLD,Millimeters,World,04/24/2005,11.06,2005,4,24
13587,13588,World,,WLD,Millimeters,World,04/24/2005,3.65,2005,4,24
13619,13620,World,,WLD,Millimeters,World,05/04/2005,12.16,2005,5,4
13634,13635,World,,WLD,Millimeters,World,05/04/2005,4.65,2005,5,4
13669,13670,World,,WLD,Millimeters,World,05/14/2005,11.96,2005,5,14
13692,13693,World,,WLD,Millimeters,World,05/14/2005,7.95,2005,5,14
13720,13721,World,,WLD,Millimeters,World,05/24/2005,10.96,2005,5,24
13741,13742,World,,WLD,Millimeters,World,05/24/2005,11.95,2005,5,24
13770,13771,World,,WLD,Millimeters,World,06/03/2005,11.36,2005,6,3
13791,13792,World,,WLD,Millimeters,World,06/03/2005,8.55,2005,6,3
13824,13825,World,,WLD,Millimeters,World,06/13/2005,12.66,2005,6,13
13841,13842,World,,WLD,Millimeters,World,06/13/2005,7.85,2005,6,13
13875,13876,World,,WLD,Millimeters,World,06/23/2005,13.16,2005,6,23
13892,13893,World,,WLD,Millimeters,World,06/23/2005,3.35,2005,6,23
13925,13926,World,,WLD,Millimeters,World,07/03/2005,12.76,2005,7,3
13942,13943,World,,WLD,Millimeters,World,07/03/2005,1.55,2005,7,3
13978,13979,World,,WLD,Millimeters,World,07/13/2005,15.76,2005,7,13
13993,13994,World,,WLD,Millimeters,World,07/13/2005,7.05,2005,7,13
14015,14016,World,,WLD,Millimeters,World,07/22/2005,12.86,2005,7,22
14031,14032,World,,WLD,Millimeters,World,07/22/2005,11.35,2005,7,22
14065,14066,World,,WLD,Millimeters,World,08/01/2005,15.66,2005,8,1
14083,14084,World,,WLD,Millimeters,World,08/01/2005,15.85,2005,8,1
14117,14118,World,,WLD,Millimeters,World,08/11/2005,14.76,2005,8,11
14136,14137,World,,WLD,Millimeters,World,08/11/2005,15.45,2005,8,11
14167,14168,World,,WLD,Millimeters,World,08/21/2005,16.96,2005,8,21
14185,14186,World,,WLD,Millimeters,World,08/21/2005,11.25,2005,8,21
14219,14220,World,,WLD,Millimeters,World,08/31/2005,20.16,2005,8,31
14238,14239,World,,WLD,Millimeters,World,08/31/2005,11.25,2005,8,31
14272,14273,World,,WLD,Millimeters,World,09/10/2005,22.36,2005,9,10
14291,14292,World,,WLD,Millimeters,World,09/10/2005,17.65,2005,9,10
14318,14319,World,,WLD,Millimeters,World,09/18/2005,22.86,2005,9,18
14341,14342,World,,WLD,Millimeters,World,09/20/2005,23.85,2005,9,20
14368,14369,World,,WLD,Millimeters,World,09/30/2005,23.45,2005,9,30
14393,14394,World,,WLD,Millimeters,World,10/02/2005,24.06,2005,10,2
14416,14417,World,,WLD,Millimeters,World,10/07/2005,24.05,2005,10,7
14442,14443,World,,WLD,Millimeters,World,10/10/2005,25.46,2005,10,10
14467,14468,World,,WLD,Millimeters,World,10/20/2005,24.66,2005,10,20
14492,14493,World,,WLD,Millimeters,World,10/30/2005,25.16,2005,10,30
14512,14513,World,,WLD,Millimeters,World,11/08/2005,27.96,2005,11,8
14539,14540,World,,WLD,Millimeters,World,11/18/2005,26.86,2005,11,18
14565,14566,World,,WLD,Millimeters,World,11/28/2005,24.56,2005,11,28
14591,14592,World,,WLD,Millimeters,World,12/08/2005,24.46,2005,12,8
14617,14618,World,,WLD,Millimeters,World,12/18/2005,24.16,2005,12,18
14642,14643,World,,WLD,Millimeters,World,12/28/2005,23.26,2005,12,28
14667,14668,World,,WLD,Millimeters,World,01/07/2006,20.26,2006,1,7
14692,14693,World,,WLD,Millimeters,World,01/17/2006,14.56,2006,1,17
14717,14718,World,,WLD,Millimeters,World,01/27/2006,16.16,2006,1,27
14742,14743,World,,WLD,Millimeters,World,02/06/2006,15.96,2006,2,6
14767,14768,World,,WLD,Millimeters,World,02/16/2006,14.16,2006,2,16
14793,14794,World,,WLD,Millimeters,World,02/26/2006,13.66,2006,2,26
14815,14816,World,,WLD,Millimeters,World,03/07/2006,14.16,2006,3,7
14841,14842,World,,WLD,Millimeters,World,03/17/2006,9.56,2006,3,17
14866,14867,World,,WLD,Millimeters,World,03/27/2006,13.06,2006,3,27
14892,14893,World,,WLD,Millimeters,World,04/06/2006,11.96,2006,4,6
14917,14918,World,,WLD,Millimeters,World,04/16/2006,11.56,2006,4,16
14942,14943,World,,WLD,Millimeters,World,04/26/2006,11.36,2006,4,26
14967,14968,World,,WLD,Millimeters,World,05/06/2006,11.56,2006,5,6
14992,14993,World,,WLD,Millimeters,World,05/16/2006,14.86,2006,5,16
15017,15018,World,,WLD,Millimeters,World,05/26/2006,14.86,2006,5,26
15042,15043,World,,WLD,Millimeters,World,06/05/2006,14.46,2006,6,5
15059,15060,World,,WLD,Millimeters,World,06/14/2006,14.06,2006,6,14
15089,15090,World,,WLD,Millimeters,World,06/24/2006,13.66,2006,6,24
15115,15116,World,,WLD,Millimeters,World,07/04/2006,15.66,2006,7,4
15142,15143,World,,WLD,Millimeters,World,07/14/2006,16.06,2006,7,14
15166,15167,World,,WLD,Millimeters,World,07/24/2006,16.26,2006,7,24
15192,15193,World,,WLD,Millimeters,World,08/03/2006,15.76,2006,8,3
15217,15218,World,,WLD,Millimeters,World,08/13/2006,14.46,2006,8,13
15242,15243,World,,WLD,Millimeters,World,08/23/2006,19.06,2006,8,23
15267,15268,World,,WLD,Millimeters,World,09/02/2006,23.06,2006,9,2
15292,15293,World,,WLD,Millimeters,World,09/12/2006,24.26,2006,9,12
15318,15319,World,,WLD,Millimeters,World,09/22/2006,26.36,2006,9,22
15342,15343,World,,WLD,Millimeters,World,10/02/2006,26.36,2006,10,2
15364,15365,World,,WLD,Millimeters,World,10/11/2006,28.36,2006,10,11
15390,15391,World,,WLD,Millimeters,World,10/21/2006,28.06,2006,10,21
15413,15414,World,,WLD,Millimeters,World,10/28/2006,27.66,2006,10,28
15441,15442,World,,WLD,Millimeters,World,11/21/2006,25.06,2006,11,21
15467,15468,World,,WLD,Millimeters,World,11/30/2006,23.26,2006,11,30
15492,15493,World,,WLD,Millimeters,World,12/10/2006,26.66,2006,12,10
15517,15518,World,,WLD,Millimeters,World,12/20/2006,24.06,2006,12,20
15542,15543,World,,WLD,Millimeters,World,12/30/2006,21.66,2006,12,30
15567,15568,World,,WLD,Millimeters,World,01/09/2007,17.66,2007,1,9
15587,15588,World,,WLD,Millimeters,World,01/18/2007,14.96,2007,1,18
15614,15615,World,,WLD,Millimeters,World,01/28/2007,16.96,2007,1,28
15641,15642,World,,WLD,Millimeters,World,02/07/2007,14.96,2007,2,7
15667,15668,World,,WLD,Millimeters,World,02/17/2007,13.76,2007,2,17
15692,15693,World,,WLD,Millimeters,World,02/27/2007,15.06,2007,2,27
15717,15718,World,,WLD,Millimeters,World,03/09/2007,12.96,2007,3,9
15742,15743,World,,WLD,Millimeters,World,03/19/2007,14.16,2007,3,19
15767,15768,World,,WLD,Millimeters,World,03/29/2007,14.46,2007,3,29
15793,15794,World,,WLD,Millimeters,World,04/08/2007,17.06,2007,4,8
15817,15818,World,,WLD,Millimeters,World,04/18/2007,16.86,2007,4,18
15843,15844,World,,WLD,Millimeters,World,04/28/2007,15.86,2007,4,28
15859,15860,World,,WLD,Millimeters,World,05/07/2007,10.06,2007,5,7
15890,15891,World,,WLD,Millimeters,World,05/17/2007,14.96,2007,5,17
15914,15915,World,,WLD,Millimeters,World,05/27/2007,16.16,2007,5,27
15941,15942,World,,WLD,Millimeters,World,06/06/2007,14.06,2007,6,6
15967,15968,World,,WLD,Millimeters,World,06/16/2007,10.86,2007,6,16
15992,15993,World,,WLD,Millimeters,World,06/26/2007,11.16,2007,6,26
16017,16018,World,,WLD,Millimeters,World,07/06/2007,12.56,2007,7,6
16042,16043,World,,WLD,Millimeters,World,07/16/2007,12.16,2007,7,16
16067,16068,World,,WLD,Millimeters,World,07/26/2007,12.56,2007,7,26
16092,16093,World,,WLD,Millimeters,World,08/05/2007,15.46,2007,8,5
16118,16119,World,,WLD,Millimeters,World,08/15/2007,19.96,2007,8,15
16142,16143,World,,WLD,Millimeters,World,08/25/2007,18.76,2007,8,25
16162,16163,World,,WLD,Millimeters,World,09/03/2007,18.46,2007,9,3
16191,16192,World,,WLD,Millimeters,World,09/13/2007,20.06,2007,9,13
16216,16217,World,,WLD,Millimeters,World,09/23/2007,26.56,2007,9,23
16242,16243,World,,WLD,Millimeters,World,10/03/2007,26.76,2007,10,3
16268,16269,World,,WLD,Millimeters,World,10/13/2007,25.66,2007,10,13
16292,16293,World,,WLD,Millimeters,World,10/23/2007,25.96,2007,10,23
16317,16318,World,,WLD,Millimeters,World,11/02/2007,23.66,2007,11,2
16342,16343,World,,WLD,Millimeters,World,11/12/2007,26.86,2007,11,12
16367,16368,World,,WLD,Millimeters,World,11/22/2007,30.86,2007,11,22
16392,16393,World,,WLD,Millimeters,World,12/02/2007,29.06,2007,12,2
16414,16415,World,,WLD,Millimeters,World,12/11/2007,25.86,2007,12,11
16438,16439,World,,WLD,Millimeters,World,12/21/2007,19.66,2007,12,21
16466,16467,World,,WLD,Millimeters,World,12/31/2007,20.26,2007,12,31
16491,16492,World,,WLD,Millimeters,World,01/10/2008,20.16,2008,1,10
16517,16518,World,,WLD,Millimeters,World,01/20/2008,22.26,2008,1,20
16542,16543,World,,WLD,Millimeters,World,01/30/2008,20.86,2008,1,30
16567,16568,World,,WLD,Millimeters,World,02/09/2008,17.76,2008,2,9
16592,16593,World,,WLD,Millimeters,World,02/19/2008,18.36,2008,2,19
16617,16618,World,,WLD,Millimeters,World,02/29/2008,14.86,2008,2,29
16642,16643,World,,WLD,Millimeters,World,03/10/2008,17.66,2008,3,10
16667,16668,World,,WLD,Millimeters,World,03/20/2008,17.86,2008,3,20
16692,16693,World,,WLD,Millimeters,World,03/30/2008,16.76,2008,3,30
16717,16718,World,,WLD,Millimeters,World,04/09/2008,15.16,2008,4,9
16742,16743,World,,WLD,Millimeters,World,04/19/2008,16.36,2008,4,19
16767,16768,World,,WLD,Millimeters,World,04/29/2008,16.06,2008,4,29
16792,16793,World,,WLD,Millimeters,World,05/06/2008,15.16,2008,5,6
16814,16815,World,,WLD,Millimeters,World,05/18/2008,20.46,2008,5,18
16841,16842,World,,WLD,Millimeters,World,05/28/2008,20.36,2008,5,28
16866,16867,World,,WLD,Millimeters,World,06/07/2008,18.16,2008,6,7
16891,16892,World,,WLD,Millimeters,World,06/17/2008,17.06,2008,6,17
16917,16918,World,,WLD,Millimeters,World,06/27/2008,19.16,2008,6,27
16942,16943,World,,WLD,Millimeters,World,07/07/2008,20.76,2008,7,7
16970,16971,World,,WLD,Millimeters,World,07/17/2008,21.36,2008,7,17
16991,16992,World,,WLD,Millimeters,World,07/17/2008,19.84,2008,7,17
17019,17020,World,,WLD,Millimeters,World,07/27/2008,20.36,2008,7,27
17039,17040,World,,WLD,Millimeters,World,07/27/2008,20.14,2008,7,27
17066,17067,World,,WLD,Millimeters,World,08/04/2008,20.36,2008,8,4
17092,17093,World,,WLD,Millimeters,World,08/06/2008,19.64,2008,8,6
17117,17118,World,,WLD,Millimeters,World,08/16/2008,23.44,2008,8,16
17149,17150,World,,WLD,Millimeters,World,08/26/2008,20.56,2008,8,26
17167,17168,World,,WLD,Millimeters,World,08/26/2008,23.64,2008,8,26
17198,17199,World,,WLD,Millimeters,World,09/05/2008,24.56,2008,9,5
17216,17217,World,,WLD,Millimeters,World,09/05/2008,24.94,2008,9,5
17251,17252,World,,WLD,Millimeters,World,09/15/2008,24.36,2008,9,15
17266,17267,World,,WLD,Millimeters,World,09/15/2008,25.24,2008,9,15
17302,17303,World,,WLD,Millimeters,World,09/25/2008,26.96,2008,9,25
17316,17317,World,,WLD,Millimeters,World,09/25/2008,27.94,2008,9,25
17337,17338,World,,WLD,Millimeters,World,10/04/2008,29.76,2008,10,4
17356,17357,World,,WLD,Millimeters,World,10/04/2008,29.14,2008,10,4
17388,17389,World,,WLD,Millimeters,World,10/14/2008,29.36,2008,10,14
17406,17407,World,,WLD,Millimeters,World,10/14/2008,30.14,2008,10,14
17441,17442,World,,WLD,Millimeters,World,10/24/2008,31.86,2008,10,24
17461,17462,World,,WLD,Millimeters,World,10/24/2008,30.94,2008,10,24
17491,17492,World,,WLD,Millimeters,World,11/03/2008,29.66,2008,11,3
17511,17512,World,,WLD,Millimeters,World,11/03/2008,29.14,2008,11,3
17542,17543,World,,WLD,Millimeters,World,11/13/2008,32.26,2008,11,13
17563,17564,World,,WLD,Millimeters,World,11/13/2008,30.84,2008,11,13
17592,17593,World,,WLD,Millimeters,World,11/23/2008,30.96,2008,11,23
17614,17615,World,,WLD,Millimeters,World,11/23/2008,28.94,2008,11,23
17643,17644,World,,WLD,Millimeters,World,12/03/2008,33.36,2008,12,3
17665,17666,World,,WLD,Millimeters,World,12/03/2008,32.54,2008,12,3
17695,17696,World,,WLD,Millimeters,World,12/13/2008,27.26,2008,12,13
17716,17717,World,,WLD,Millimeters,World,12/13/2008,26.94,2008,12,13
17746,17747,World,,WLD,Millimeters,World,12/23/2008,24.16,2008,12,23
17766,17767,World,,WLD,Millimeters,World,12/23/2008,24.24,2008,12,23
17795,17796,World,,WLD,Millimeters,World,01/02/2009,25.06,2009,1,2
17816,17817,World,,WLD,Millimeters,World,01/02/2009,24.84,2009,1,2
17845,17846,World,,WLD,Millimeters,World,01/12/2009,24.66,2009,1,12
17865,17866,World,,WLD,Millimeters,World,01/12/2009,24.24,2009,1,12
17898,17899,World,,WLD,Millimeters,World,01/22/2009,22.96,2009,1,22
17916,17917,World,,WLD,Millimeters,World,01/22/2009,22.74,2009,1,22
17942,17943,World,,WLD,Millimeters,World,02/01/2009,21.14,2009,2,1
17967,17968,World,,WLD,Millimeters,World,02/11/2009,18.14,2009,2,11
17992,17993,World,,WLD,Millimeters,World,02/16/2009,17.76,2009,2,16
18011,18012,World,,WLD,Millimeters,World,02/20/2009,19.44,2009,2,20
18039,18040,World,,WLD,Millimeters,World,02/25/2009,20.36,2009,2,25
18065,18066,World,,WLD,Millimeters,World,03/02/2009,20.24,2009,3,2
18090,18091,World,,WLD,Millimeters,World,03/07/2009,23.26,2009,3,7
18116,18117,World,,WLD,Millimeters,World,03/12/2009,20.74,2009,3,12
18141,18142,World,,WLD,Millimeters,World,03/17/2009,23.56,2009,3,17
18166,18167,World,,WLD,Millimeters,World,03/22/2009,21.04,2009,3,22
18193,18194,World,,WLD,Millimeters,World,03/27/2009,22.86,2009,3,27
18217,18218,World,,WLD,Millimeters,World,04/01/2009,20.74,2009,4,1
18242,18243,World,,WLD,Millimeters,World,04/06/2009,21.66,2009,4,6
18267,18268,World,,WLD,Millimeters,World,04/11/2009,19.84,2009,4,11
18293,18294,World,,WLD,Millimeters,World,04/16/2009,19.16,2009,4,16
18317,18318,World,,WLD,Millimeters,World,04/21/2009,20.24,2009,4,21
18342,18343,World,,WLD,Millimeters,World,04/26/2009,21.26,2009,4,26
18367,18368,World,,WLD,Millimeters,World,05/01/2009,20.24,2009,5,1
18393,18394,World,,WLD,Millimeters,World,05/06/2009,23.16,2009,5,6
18417,18418,World,,WLD,Millimeters,World,05/11/2009,19.54,2009,5,11
18443,18444,World,,WLD,Millimeters,World,05/16/2009,19.26,2009,5,16
18468,18469,World,,WLD,Millimeters,World,05/21/2009,18.54,2009,5,21
18493,18494,World,,WLD,Millimeters,World,05/26/2009,19.36,2009,5,26
18511,18512,World,,WLD,Millimeters,World,05/30/2009,17.94,2009,5,30
18535,18536,World,,WLD,Millimeters,World,06/04/2009,19.06,2009,6,4
18562,18563,World,,WLD,Millimeters,World,06/09/2009,20.14,2009,6,9
18584,18585,World,,WLD,Millimeters,World,06/14/2009,23.06,2009,6,14
18614,18615,World,,WLD,Millimeters,World,06/19/2009,21.04,2009,6,19
18640,18641,World,,WLD,Millimeters,World,06/24/2009,20.56,2009,6,24
18665,18666,World,,WLD,Millimeters,World,06/29/2009,19.74,2009,6,29
18692,18693,World,,WLD,Millimeters,World,07/04/2009,20.86,2009,7,4
18716,18717,World,,WLD,Millimeters,World,07/09/2009,18.64,2009,7,9
18743,18744,World,,WLD,Millimeters,World,07/14/2009,21.56,2009,7,14
18767,18768,World,,WLD,Millimeters,World,07/19/2009,21.04,2009,7,19
18793,18794,World,,WLD,Millimeters,World,07/24/2009,25.66,2009,7,24
18817,18818,World,,WLD,Millimeters,World,07/29/2009,25.84,2009,7,29
18843,18844,World,,WLD,Millimeters,World,08/03/2009,26.06,2009,8,3
18867,18868,World,,WLD,Millimeters,World,08/08/2009,24.04,2009,8,8
18893,18894,World,,WLD,Millimeters,World,08/13/2009,25.46,2009,8,13
18918,18919,World,,WLD,Millimeters,World,08/18/2009,26.44,2009,8,18
18943,18944,World,,WLD,Millimeters,World,08/23/2009,26.16,2009,8,23
18967,18968,World,,WLD,Millimeters,World,08/28/2009,28.04,2009,8,28
18993,18994,World,,WLD,Millimeters,World,09/02/2009,29.76,2009,9,2
19017,19018,World,,WLD,Millimeters,World,09/07/2009,30.14,2009,9,7
19043,19044,World,,WLD,Millimeters,World,09/11/2009,33.86,2009,9,11
19068,19069,World,,WLD,Millimeters,World,09/17/2009,34.24,2009,9,17
19089,19090,World,,WLD,Millimeters,World,09/26/2009,30.26,2009,9,26
19108,19109,World,,WLD,Millimeters,World,09/26/2009,34.64,2009,9,26
19134,19135,World,,WLD,Millimeters,World,10/01/2009,36.36,2009,10,1
19158,19159,World,,WLD,Millimeters,World,10/06/2009,34.64,2009,10,6
19187,19188,World,,WLD,Millimeters,World,10/11/2009,35.86,2009,10,11
19211,19212,World,,WLD,Millimeters,World,10/16/2009,36.14,2009,10,16
19237,19238,World,,WLD,Millimeters,World,10/21/2009,35.56,2009,10,21
19261,19262,World,,WLD,Millimeters,World,10/26/2009,36.64,2009,10,26
19287,19288,World,,WLD,Millimeters,World,10/31/2009,38.16,2009,10,31
19312,19313,World,,WLD,Millimeters,World,11/05/2009,36.14,2009,11,5
19338,19339,World,,WLD,Millimeters,World,11/10/2009,34.36,2009,11,10
19362,19363,World,,WLD,Millimeters,World,11/15/2009,32.14,2009,11,15
19388,19389,World,,WLD,Millimeters,World,11/20/2009,34.46,2009,11,20
19412,19413,World,,WLD,Millimeters,World,11/25/2009,33.94,2009,11,25
19438,19439,World,,WLD,Millimeters,World,11/30/2009,34.36,2009,11,30
19462,19463,World,,WLD,Millimeters,World,12/05/2009,32.04,2009,12,5
19488,19489,World,,WLD,Millimeters,World,12/10/2009,32.76,2009,12,10
19512,19513,World,,WLD,Millimeters,World,12/15/2009,29.04,2009,12,15
19538,19539,World,,WLD,Millimeters,World,12/20/2009,32.16,2009,12,20
19562,19563,World,,WLD,Millimeters,World,12/25/2009,32.54,2009,12,25
19588,19589,World,,WLD,Millimeters,World,12/30/2009,30.66,2009,12,30
19612,19613,World,,WLD,Millimeters,World,01/04/2010,28.34,2010,1,4
19633,19634,World,,WLD,Millimeters,World,01/08/2010,30.66,2010,1,8
19659,19660,World,,WLD,Millimeters,World,01/13/2010,26.64,2010,1,13
19684,19685,World,,WLD,Millimeters,World,01/18/2010,26.56,2010,1,18
19708,19709,World,,WLD,Millimeters,World,01/23/2010,24.74,2010,1,23
19736,19737,World,,WLD,Millimeters,World,01/28/2010,21.46,2010,1,28
19761,19762,World,,WLD,Millimeters,World,02/02/2010,20.24,2010,2,2
19787,19788,World,,WLD,Millimeters,World,02/07/2010,22.56,2010,2,7
19812,19813,World,,WLD,Millimeters,World,02/12/2010,23.64,2010,2,12
19837,19838,World,,WLD,Millimeters,World,02/17/2010,25.86,2010,2,17
19862,19863,World,,WLD,Millimeters,World,02/22/2010,25.44,2010,2,22
19887,19888,World,,WLD,Millimeters,World,02/27/2010,27.56,2010,2,27
19912,19913,World,,WLD,Millimeters,World,03/04/2010,28.54,2010,3,4
19938,19939,World,,WLD,Millimeters,World,03/09/2010,26.56,2010,3,9
19963,19964,World,,WLD,Millimeters,World,03/14/2010,21.94,2010,3,14
19988,19989,World,,WLD,Millimeters,World,03/19/2010,22.06,2010,3,19
20012,20013,World,,WLD,Millimeters,World,03/24/2010,22.14,2010,3,24
20038,20039,World,,WLD,Millimeters,World,03/29/2010,22.06,2010,3,29
20062,20063,World,,WLD,Millimeters,World,04/03/2010,21.64,2010,4,3
20079,20080,World,,WLD,Millimeters,World,04/07/2010,21.56,2010,4,7
20112,20113,World,,WLD,Millimeters,World,04/13/2010,24.04,2010,4,13
20138,20139,World,,WLD,Millimeters,World,04/18/2010,26.86,2010,4,18
20163,20164,World,,WLD,Millimeters,World,04/23/2010,24.04,2010,4,23
20180,20181,World,,WLD,Millimeters,World,04/27/2010,24.16,2010,4,27
20208,20209,World,,WLD,Millimeters,World,05/02/2010,21.04,2010,5,2
20232,20233,World,,WLD,Millimeters,World,05/07/2010,22.76,2010,5,7
20259,20260,World,,WLD,Millimeters,World,05/12/2010,20.94,2010,5,12
20286,20287,World,,WLD,Millimeters,World,05/17/2010,24.06,2010,5,17
20310,20311,World,,WLD,Millimeters,World,05/22/2010,25.04,2010,5,22
20336,20337,World,,WLD,Millimeters,World,05/27/2010,22.36,2010,5,27
20361,20362,World,,WLD,Millimeters,World,06/01/2010,24.94,2010,6,1
20388,20389,World,,WLD,Millimeters,World,06/06/2010,23.36,2010,6,6
20412,20413,World,,WLD,Millimeters,World,06/11/2010,25.14,2010,6,11
20438,20439,World,,WLD,Millimeters,World,06/16/2010,25.36,2010,6,16
20462,20463,World,,WLD,Millimeters,World,06/21/2010,25.84,2010,6,21
20488,20489,World,,WLD,Millimeters,World,06/26/2010,24.16,2010,6,26
20513,20514,World,,WLD,Millimeters,World,07/01/2010,26.04,2010,7,1
20538,20539,World,,WLD,Millimeters,World,07/06/2010,23.26,2010,7,6
20563,20564,World,,WLD,Millimeters,World,07/11/2010,26.44,2010,7,11
20588,20589,World,,WLD,Millimeters,World,07/16/2010,25.66,2010,7,16
20612,20613,World,,WLD,Millimeters,World,07/21/2010,27.94,2010,7,21
20632,20633,World,,WLD,Millimeters,World,07/25/2010,26.66,2010,7,25
20662,20663,World,,WLD,Millimeters,World,07/31/2010,27.04,2010,7,31
20688,20689,World,,WLD,Millimeters,World,08/05/2010,27.76,2010,8,5
20713,20714,World,,WLD,Millimeters,World,08/10/2010,26.74,2010,8,10
20738,20739,World,,WLD,Millimeters,World,08/15/2010,31.56,2010,8,15
20755,20756,World,,WLD,Millimeters,World,08/19/2010,29.24,2010,8,19
20783,20784,World,,WLD,Millimeters,World,08/24/2010,29.46,2010,8,24
20809,20810,World,,WLD,Millimeters,World,08/29/2010,26.94,2010,8,29
20837,20838,World,,WLD,Millimeters,World,09/03/2010,28.96,2010,9,3
20860,20861,World,,WLD,Millimeters,World,09/08/2010,29.94,2010,9,8
20887,20888,World,,WLD,Millimeters,World,09/13/2010,30.36,2010,9,13
20911,20912,World,,WLD,Millimeters,World,09/18/2010,30.64,2010,9,18
20937,20938,World,,WLD,Millimeters,World,09/23/2010,31.06,2010,9,23
20962,20963,World,,WLD,Millimeters,World,09/28/2010,30.84,2010,9,28
20987,20988,World,,WLD,Millimeters,World,10/03/2010,30.56,2010,10,3
21012,21013,World,,WLD,Millimeters,World,10/08/2010,32.64,2010,10,8
21038,21039,World,,WLD,Millimeters,World,10/13/2010,33.36,2010,10,13
21062,21063,World,,WLD,Millimeters,World,10/18/2010,36.24,2010,10,18
21088,21089,World,,WLD,Millimeters,World,10/23/2010,37.36,2010,10,23
21112,21113,World,,WLD,Millimeters,World,10/28/2010,34.44,2010,10,28
21138,21139,World,,WLD,Millimeters,World,11/02/2010,36.76,2010,11,2
21162,21163,World,,WLD,Millimeters,World,11/07/2010,33.34,2010,11,7
21188,21189,World,,WLD,Millimeters,World,11/12/2010,34.06,2010,11,12
21212,21213,World,,WLD,Millimeters,World,11/17/2010,33.84,2010,11,17
21238,21239,World,,WLD,Millimeters,World,11/22/2010,29.46,2010,11,22
21263,21264,World,,WLD,Millimeters,World,11/27/2010,28.94,2010,11,27
21283,21284,World,,WLD,Millimeters,World,12/01/2010,27.16,2010,12,1
21309,21310,World,,WLD,Millimeters,World,12/06/2010,29.14,2010,12,6
21334,21335,World,,WLD,Millimeters,World,12/11/2010,29.06,2010,12,11
21358,21359,World,,WLD,Millimeters,World,12/16/2010,27.64,2010,12,16
21387,21388,World,,WLD,Millimeters,World,12/21/2010,29.76,2010,12,21
21410,21411,World,,WLD,Millimeters,World,12/26/2010,28.84,2010,12,26
21436,21437,World,,WLD,Millimeters,World,12/31/2010,28.46,2010,12,31
21461,21462,World,,WLD,Millimeters,World,01/05/2011,25.24,2011,1,5
21488,21489,World,,WLD,Millimeters,World,01/10/2011,23.86,2011,1,10
21512,21513,World,,WLD,Millimeters,World,01/15/2011,23.54,2011,1,15
21538,21539,World,,WLD,Millimeters,World,01/20/2011,22.46,2011,1,20
21562,21563,World,,WLD,Millimeters,World,01/25/2011,24.34,2011,1,25
21588,21589,World,,WLD,Millimeters,World,01/30/2011,24.16,2011,1,30
21613,21614,World,,WLD,Millimeters,World,02/04/2011,21.94,2011,2,4
21638,21639,World,,WLD,Millimeters,World,02/09/2011,21.26,2011,2,9
21662,21663,World,,WLD,Millimeters,World,02/14/2011,20.24,2011,2,14
21688,21689,World,,WLD,Millimeters,World,02/19/2011,21.26,2011,2,19
21712,21713,World,,WLD,Millimeters,World,02/24/2011,20.44,2011,2,24
21738,21739,World,,WLD,Millimeters,World,03/01/2011,20.96,2011,3,1
21762,21763,World,,WLD,Millimeters,World,03/06/2011,20.54,2011,3,6
21789,21790,World,,WLD,Millimeters,World,03/11/2011,19.56,2011,3,11
21812,21813,World,,WLD,Millimeters,World,03/16/2011,20.24,2011,3,16
21830,21831,World,,WLD,Millimeters,World,03/20/2011,18.36,2011,3,20
21857,21858,World,,WLD,Millimeters,World,03/25/2011,17.74,2011,3,25
21881,21882,World,,WLD,Millimeters,World,03/30/2011,18.86,2011,3,30
21910,21911,World,,WLD,Millimeters,World,04/04/2011,19.34,2011,4,4
21936,21937,World,,WLD,Millimeters,World,04/09/2011,18.76,2011,4,9
21961,21962,World,,WLD,Millimeters,World,04/14/2011,19.34,2011,4,14
21985,21986,World,,WLD,Millimeters,World,04/19/2011,18.46,2011,4,19
22011,22012,World,,WLD,Millimeters,World,04/24/2011,18.64,2011,4,24
22036,22037,World,,WLD,Millimeters,World,04/29/2011,16.96,2011,4,29
22061,22062,World,,WLD,Millimeters,World,05/04/2011,15.64,2011,5,4
22088,22089,World,,WLD,Millimeters,World,05/09/2011,16.96,2011,5,9
22112,22113,World,,WLD,Millimeters,World,05/14/2011,19.04,2011,5,14
22138,22139,World,,WLD,Millimeters,World,05/19/2011,16.36,2011,5,19
22162,22163,World,,WLD,Millimeters,World,05/24/2011,19.84,2011,5,24
22188,22189,World,,WLD,Millimeters,World,05/29/2011,19.46,2011,5,29
22212,22213,World,,WLD,Millimeters,World,06/03/2011,19.94,2011,6,3
22237,22238,World,,WLD,Millimeters,World,06/08/2011,20.16,2011,6,8
22262,22263,World,,WLD,Millimeters,World,06/13/2011,20.74,2011,6,13
22288,22289,World,,WLD,Millimeters,World,06/18/2011,21.16,2011,6,18
22312,22313,World,,WLD,Millimeters,World,06/23/2011,23.44,2011,6,23
22338,22339,World,,WLD,Millimeters,World,06/28/2011,21.36,2011,6,28
22363,22364,World,,WLD,Millimeters,World,07/03/2011,22.04,2011,7,3
22389,22390,World,,WLD,Millimeters,World,07/08/2011,20.66,2011,7,8
22409,22410,World,,WLD,Millimeters,World,07/12/2011,22.04,2011,7,12
22432,22433,World,,WLD,Millimeters,World,07/17/2011,19.36,2011,7,17
22460,22461,World,,WLD,Millimeters,World,07/22/2011,22.14,2011,7,22
22487,22488,World,,WLD,Millimeters,World,07/27/2011,22.46,2011,7,27
22510,22511,World,,WLD,Millimeters,World,08/01/2011,24.34,2011,8,1
22536,22537,World,,WLD,Millimeters,World,08/06/2011,25.56,2011,8,6
22561,22562,World,,WLD,Millimeters,World,08/11/2011,28.34,2011,8,11
22587,22588,World,,WLD,Millimeters,World,08/16/2011,25.86,2011,8,16
22613,22614,World,,WLD,Millimeters,World,08/21/2011,30.04,2011,8,21
22638,22639,World,,WLD,Millimeters,World,08/26/2011,31.26,2011,8,26
22662,22663,World,,WLD,Millimeters,World,08/31/2011,30.94,2011,8,31
22688,22689,World,,WLD,Millimeters,World,09/05/2011,30.36,2011,9,5
22712,22713,World,,WLD,Millimeters,World,09/10/2011,30.54,2011,9,10
22738,22739,World,,WLD,Millimeters,World,09/15/2011,27.76,2011,9,15
22762,22763,World,,WLD,Millimeters,World,09/20/2011,31.24,2011,9,20
22788,22789,World,,WLD,Millimeters,World,09/25/2011,32.06,2011,9,25
22812,22813,World,,WLD,Millimeters,World,09/30/2011,34.54,2011,9,30
22838,22839,World,,WLD,Millimeters,World,10/05/2011,35.06,2011,10,5
22862,22863,World,,WLD,Millimeters,World,10/10/2011,37.54,2011,10,10
22887,22888,World,,WLD,Millimeters,World,10/15/2011,37.56,2011,10,15
22913,22914,World,,WLD,Millimeters,World,10/20/2011,38.94,2011,10,20
22939,22940,World,,WLD,Millimeters,World,10/25/2011,33.76,2011,10,25
22958,22959,World,,WLD,Millimeters,World,10/29/2011,34.54,2011,10,29
22983,22984,World,,WLD,Millimeters,World,11/03/2011,33.86,2011,11,3
23009,23010,World,,WLD,Millimeters,World,11/08/2011,33.64,2011,11,8
23034,23035,World,,WLD,Millimeters,World,11/13/2011,29.76,2011,11,13
23060,23061,World,,WLD,Millimeters,World,11/18/2011,33.84,2011,11,18
23087,23088,World,,WLD,Millimeters,World,11/23/2011,33.86,2011,11,23
23111,23112,World,,WLD,Millimeters,World,11/28/2011,35.64,2011,11,28
23138,23139,World,,WLD,Millimeters,World,12/03/2011,34.06,2011,12,3
23162,23163,World,,WLD,Millimeters,World,12/08/2011,35.24,2011,12,8
23187,23188,World,,WLD,Millimeters,World,12/13/2011,33.36,2011,12,13
23212,23213,World,,WLD,Millimeters,World,12/18/2011,34.84,2011,12,18
23238,23239,World,,WLD,Millimeters,World,12/23/2011,34.66,2011,12,23
23262,23263,World,,WLD,Millimeters,World,12/28/2011,33.24,2011,12,28
23288,23289,World,,WLD,Millimeters,World,01/02/2012,30.46,2012,1,2
23312,23313,World,,WLD,Millimeters,World,01/07/2012,34.14,2012,1,7
23338,23339,World,,WLD,Millimeters,World,01/12/2012,30.06,2012,1,12
23362,23363,World,,WLD,Millimeters,World,01/17/2012,32.94,2012,1,17
23388,23389,World,,WLD,Millimeters,World,01/22/2012,30.56,2012,1,22
23412,23413,World,,WLD,Millimeters,World,01/27/2012,33.34,2012,1,27
23439,23440,World,,WLD,Millimeters,World,02/01/2012,30.16,2012,2,1
23462,23463,World,,WLD,Millimeters,World,02/06/2012,31.04,2012,2,6
23485,23486,World,,WLD,Millimeters,World,02/10/2012,29.36,2012,2,10
23523,23524,World,,WLD,Millimeters,World,02/16/2012,28.16,2012,2,16
23536,23537,World,,WLD,Millimeters,World,02/16/2012,31.74,2012,2,16
23562,23563,World,,WLD,Millimeters,World,02/26/2012,29.24,2012,2,26
23585,23586,World,,WLD,Millimeters,World,03/02/2012,24.66,2012,3,2
23604,23605,World,,WLD,Millimeters,World,03/06/2012,28.14,2012,3,6
23631,23632,World,,WLD,Millimeters,World,03/16/2012,29.14,2012,3,16
23658,23659,World,,WLD,Millimeters,World,03/26/2012,31.04,2012,3,26
23683,23684,World,,WLD,Millimeters,World,04/05/2012,28.54,2012,4,5
23709,23710,World,,WLD,Millimeters,World,04/15/2012,27.84,2012,4,15
23733,23734,World,,WLD,Millimeters,World,04/25/2012,27.84,2012,4,25
23760,23761,World,,WLD,Millimeters,World,05/05/2012,28.34,2012,5,5
23784,23785,World,,WLD,Millimeters,World,05/13/2012,31.26,2012,5,13
23810,23811,World,,WLD,Millimeters,World,05/15/2012,30.34,2012,5,15
23834,23835,World,,WLD,Millimeters,World,05/24/2012,28.96,2012,5,24
23860,23861,World,,WLD,Millimeters,World,05/25/2012,29.44,2012,5,25
23889,23890,World,,WLD,Millimeters,World,06/04/2012,31.16,2012,6,4
23909,23910,World,,WLD,Millimeters,World,06/04/2012,28.84,2012,6,4
23940,23941,World,,WLD,Millimeters,World,06/14/2012,32.64,2012,6,14
23959,23960,World,,WLD,Millimeters,World,06/15/2012,33.56,2012,6,15
23982,23983,World,,WLD,Millimeters,World,06/22/2012,30.96,2012,6,22
24010,24011,World,,WLD,Millimeters,World,06/24/2012,31.44,2012,6,24
24035,24036,World,,WLD,Millimeters,World,06/30/2012,32.76,2012,6,30
24060,24061,World,,WLD,Millimeters,World,07/04/2012,31.64,2012,7,4
24085,24086,World,,WLD,Millimeters,World,07/11/2012,34.16,2012,7,11
24110,24111,World,,WLD,Millimeters,World,07/14/2012,35.84,2012,7,14
24124,24125,World,,WLD,Millimeters,World,07/21/2012,37.86,2012,7,21
24160,24161,World,,WLD,Millimeters,World,07/24/2012,38.14,2012,7,24
24180,24181,World,,WLD,Millimeters,World,08/01/2012,36.56,2012,8,1
24203,24204,World,,WLD,Millimeters,World,08/02/2012,37.34,2012,8,2
24236,24237,World,,WLD,Millimeters,World,08/09/2012,40.16,2012,8,9
24257,24258,World,,WLD,Millimeters,World,08/12/2012,38.24,2012,8,12
24279,24280,World,,WLD,Millimeters,World,08/16/2012,36.86,2012,8,16
24308,24309,World,,WLD,Millimeters,World,08/22/2012,35.84,2012,8,22
24333,24334,World,,WLD,Millimeters,World,08/27/2012,37.96,2012,8,27
24357,24358,World,,WLD,Millimeters,World,09/01/2012,39.94,2012,9,1
24383,24384,World,,WLD,Millimeters,World,09/07/2012,39.86,2012,9,7
24409,24410,World,,WLD,Millimeters,World,09/11/2012,40.24,2012,9,11
24434,24435,World,,WLD,Millimeters,World,09/18/2012,42.96,2012,9,18
24459,24460,World,,WLD,Millimeters,World,09/21/2012,44.84,2012,9,21
24486,24487,World,,WLD,Millimeters,World,09/26/2012,42.56,2012,9,26
24510,24511,World,,WLD,Millimeters,World,10/01/2012,45.64,2012,10,1
24535,24536,World,,WLD,Millimeters,World,10/03/2012,46.06,2012,10,3
24560,24561,World,,WLD,Millimeters,World,10/11/2012,47.64,2012,10,11
24586,24587,World,,WLD,Millimeters,World,10/14/2012,45.96,2012,10,14
24610,24611,World,,WLD,Millimeters,World,10/21/2012,45.14,2012,10,21
24635,24636,World,,WLD,Millimeters,World,10/25/2012,44.56,2012,10,25
24660,24661,World,,WLD,Millimeters,World,10/31/2012,44.44,2012,10,31
24679,24680,World,,WLD,Millimeters,World,11/01/2012,45.46,2012,11,1
24710,24711,World,,WLD,Millimeters,World,11/09/2012,48.46,2012,11,9
24733,24734,World,,WLD,Millimeters,World,11/10/2012,46.04,2012,11,10
24767,24768,World,,WLD,Millimeters,World,11/20/2012,47.16,2012,11,20
24784,24785,World,,WLD,Millimeters,World,11/20/2012,45.54,2012,11,20
24817,24818,World,,WLD,Millimeters,World,11/30/2012,43.14,2012,11,30
24833,24834,World,,WLD,Millimeters,World,12/01/2012,43.66,2012,12,1
24861,24862,World,,WLD,Millimeters,World,12/10/2012,45.04,2012,12,10
24887,24888,World,,WLD,Millimeters,World,12/12/2012,43.26,2012,12,12
24910,24911,World,,WLD,Millimeters,World,12/19/2012,39.06,2012,12,19
24934,24935,World,,WLD,Millimeters,World,12/20/2012,41.04,2012,12,20
24950,24951,World,,WLD,Millimeters,World,12/26/2012,38.56,2012,12,26
24984,24985,World,,WLD,Millimeters,World,12/30/2012,40.74,2012,12,30
25002,25003,World,,WLD,Millimeters,World,01/06/2013,40.86,2013,1,6
25028,25029,World,,WLD,Millimeters,World,01/08/2013,39.74,2013,1,8
25054,25055,World,,WLD,Millimeters,World,01/17/2013,38.16,2013,1,17
25081,25082,World,,WLD,Millimeters,World,01/18/2013,38.74,2013,1,18
25110,25111,World,,WLD,Millimeters,World,01/28/2013,41.26,2013,1,28
25131,25132,World,,WLD,Millimeters,World,01/28/2013,39.94,2013,1,28
25161,25162,World,,WLD,Millimeters,World,02/05/2013,38.06,2013,2,5
25184,25185,World,,WLD,Millimeters,World,02/07/2013,38.44,2013,2,7
25207,25208,World,,WLD,Millimeters,World,02/12/2013,38.16,2013,2,12
25234,25235,World,,WLD,Millimeters,World,02/17/2013,35.34,2013,2,17
25258,25259,World,,WLD,Millimeters,World,02/23/2013,36.36,2013,2,23
25284,25285,World,,WLD,Millimeters,World,02/27/2013,36.64,2013,2,27
25309,25310,World,,WLD,Millimeters,World,03/09/2013,37.84,2013,3,9
25334,25335,World,,WLD,Millimeters,World,03/19/2013,36.34,2013,3,19
25358,25359,World,,WLD,Millimeters,World,03/22/2013,32.96,2013,3,22
25381,25382,World,,WLD,Millimeters,World,03/24/2013,34.46,2013,3,24
25406,25407,World,,WLD,Millimeters,World,04/01/2013,35.56,2013,4,1
25425,25426,World,,WLD,Millimeters,World,04/11/2013,32.16,2013,4,11
25457,25458,World,,WLD,Millimeters,World,04/18/2013,33.34,2013,4,18
25473,25474,World,,WLD,Millimeters,World,04/22/2013,29.46,2013,4,22
25501,25502,World,,WLD,Millimeters,World,04/27/2013,35.84,2013,4,27
25531,25532,World,,WLD,Millimeters,World,04/30/2013,30.36,2013,4,30
25549,25550,World,,WLD,Millimeters,World,05/07/2013,36.76,2013,5,7
25570,25571,World,,WLD,Millimeters,World,05/07/2013,35.84,2013,5,7
25605,25606,World,,WLD,Millimeters,World,05/17/2013,33.64,2013,5,17
25624,25625,World,,WLD,Millimeters,World,05/18/2013,36.36,2013,5,18
25655,25656,World,,WLD,Millimeters,World,05/27/2013,32.84,2013,5,27
25680,25681,World,,WLD,Millimeters,World,05/29/2013,34.86,2013,5,29
25704,25705,World,,WLD,Millimeters,World,06/06/2013,32.74,2013,6,6
25730,25731,World,,WLD,Millimeters,World,06/09/2013,30.66,2013,6,9
25752,25753,World,,WLD,Millimeters,World,06/16/2013,27.06,2013,6,16
25774,25775,World,,WLD,Millimeters,World,06/16/2013,31.64,2013,6,16
25805,25806,World,,WLD,Millimeters,World,06/26/2013,33.64,2013,6,26
25830,25831,World,,WLD,Millimeters,World,07/06/2013,33.14,2013,7,6
25855,25856,World,,WLD,Millimeters,World,07/16/2013,33.84,2013,7,16
25880,25881,World,,WLD,Millimeters,World,07/26/2013,36.34,2013,7,26
25906,25907,World,,WLD,Millimeters,World,08/05/2013,37.44,2013,8,5
25926,25927,World,,WLD,Millimeters,World,08/14/2013,34.54,2013,8,14
25953,25954,World,,WLD,Millimeters,World,08/24/2013,36.04,2013,8,24
25980,25981,World,,WLD,Millimeters,World,09/02/2013,41.04,2013,9,2
26007,26008,World,,WLD,Millimeters,World,09/16/2013,38.64,2013,9,16
26030,26031,World,,WLD,Millimeters,World,09/23/2013,41.34,2013,9,23
26055,26056,World,,WLD,Millimeters,World,10/03/2013,43.34,2013,10,3
26080,26081,World,,WLD,Millimeters,World,10/13/2013,44.34,2013,10,13
26106,26107,World,,WLD,Millimeters,World,10/23/2013,47.54,2013,10,23
26130,26131,World,,WLD,Millimeters,World,11/02/2013,48.84,2013,11,2
26155,26156,World,,WLD,Millimeters,World,11/12/2013,46.44,2013,11,12
26181,26182,World,,WLD,Millimeters,World,11/22/2013,44.84,2013,11,22
26202,26203,World,,WLD,Millimeters,World,12/01/2013,42.94,2013,12,1
26228,26229,World,,WLD,Millimeters,World,12/11/2013,39.44,2013,12,11
26254,26255,World,,WLD,Millimeters,World,12/21/2013,40.24,2013,12,21
26279,26280,World,,WLD,Millimeters,World,12/31/2013,40.54,2013,12,31
26304,26305,World,,WLD,Millimeters,World,01/10/2014,39.24,2014,1,10
26330,26331,World,,WLD,Millimeters,World,01/20/2014,38.34,2014,1,20
26355,26356,World,,WLD,Millimeters,World,01/30/2014,35.44,2014,1,30
26380,26381,World,,WLD,Millimeters,World,02/09/2014,36.84,2014,2,9
26405,26406,World,,WLD,Millimeters,World,02/19/2014,38.74,2014,2,19
26430,26431,World,,WLD,Millimeters,World,03/01/2014,38.04,2014,3,1
26456,26457,World,,WLD,Millimeters,World,03/11/2014,38.04,2014,3,11
26475,26476,World,,WLD,Millimeters,World,03/20/2014,36.54,2014,3,20
26502,26503,World,,WLD,Millimeters,World,03/30/2014,36.04,2014,3,30
26529,26530,World,,WLD,Millimeters,World,04/09/2014,36.24,2014,4,9
26554,26555,World,,WLD,Millimeters,World,04/19/2014,36.04,2014,4,19
26580,26581,World,,WLD,Millimeters,World,04/29/2014,33.64,2014,4,29
26605,26606,World,,WLD,Millimeters,World,05/09/2014,33.14,2014,5,9
26630,26631,World,,WLD,Millimeters,World,05/19/2014,33.14,2014,5,19
26655,26656,World,,WLD,Millimeters,World,05/29/2014,34.04,2014,5,29
26679,26680,World,,WLD,Millimeters,World,06/08/2014,33.24,2014,6,8
26706,26707,World,,WLD,Millimeters,World,06/18/2014,35.64,2014,6,18
26731,26732,World,,WLD,Millimeters,World,06/28/2014,37.54,2014,6,28
26750,26751,World,,WLD,Millimeters,World,07/07/2014,39.04,2014,7,7
26778,26779,World,,WLD,Millimeters,World,07/17/2014,39.64,2014,7,17
26803,26804,World,,WLD,Millimeters,World,07/27/2014,37.74,2014,7,27
26829,26830,World,,WLD,Millimeters,World,08/06/2014,41.04,2014,8,6
26855,26856,World,,WLD,Millimeters,World,08/16/2014,44.04,2014,8,16
26880,26881,World,,WLD,Millimeters,World,08/26/2014,45.84,2014,8,26
26905,26906,World,,WLD,Millimeters,World,09/05/2014,46.64,2014,9,5
26930,26931,World,,WLD,Millimeters,World,09/15/2014,47.64,2014,9,15
26955,26956,World,,WLD,Millimeters,World,09/25/2014,45.94,2014,9,25
26980,26981,World,,WLD,Millimeters,World,10/05/2014,48.74,2014,10,5
27005,27006,World,,WLD,Millimeters,World,10/15/2014,52.54,2014,10,15
27022,27023,World,,WLD,Millimeters,World,10/24/2014,52.24,2014,10,24
27052,27053,World,,WLD,Millimeters,World,11/03/2014,49.44,2014,11,3
27078,27079,World,,WLD,Millimeters,World,11/13/2014,48.94,2014,11,13
27104,27105,World,,WLD,Millimeters,World,11/23/2014,44.74,2014,11,23
27130,27131,World,,WLD,Millimeters,World,12/03/2014,45.04,2014,12,3
27155,27156,World,,WLD,Millimeters,World,12/13/2014,52.24,2014,12,13
27177,27178,World,,WLD,Millimeters,World,12/23/2014,48.54,2014,12,23
27205,27206,World,,WLD,Millimeters,World,01/02/2015,43.54,2015,1,2
27230,27231,World,,WLD,Millimeters,World,01/12/2015,45.64,2015,1,12
27255,27256,World,,WLD,Millimeters,World,01/22/2015,44.44,2015,1,22
27280,27281,World,,WLD,Millimeters,World,02/01/2015,45.54,2015,2,1
27302,27303,World,,WLD,Millimeters,World,02/10/2015,45.34,2015,2,10
27327,27328,World,,WLD,Millimeters,World,02/20/2015,46.84,2015,2,20
27354,27355,World,,WLD,Millimeters,World,03/02/2015,45.54,2015,3,2
27379,27380,World,,WLD,Millimeters,World,03/12/2015,43.74,2015,3,12
27405,27406,World,,WLD,Millimeters,World,03/22/2015,43.14,2015,3,22
27430,27431,World,,WLD,Millimeters,World,04/01/2015,44.14,2015,4,1
27455,27456,World,,WLD,Millimeters,World,04/11/2015,45.04,2015,4,11
27480,27481,World,,WLD,Millimeters,World,04/21/2015,44.04,2015,4,21
27505,27506,World,,WLD,Millimeters,World,05/01/2015,43.34,2015,5,1
27530,27531,World,,WLD,Millimeters,World,05/11/2015,41.84,2015,5,11
27555,27556,World,,WLD,Millimeters,World,05/21/2015,40.14,2015,5,21
27576,27577,World,,WLD,Millimeters,World,05/30/2015,42.44,2015,5,30
27603,27604,World,,WLD,Millimeters,World,06/09/2015,43.64,2015,6,9
27629,27630,World,,WLD,Millimeters,World,06/19/2015,44.54,2015,6,19
27654,27655,World,,WLD,Millimeters,World,06/29/2015,45.94,2015,6,29
27680,27681,World,,WLD,Millimeters,World,07/09/2015,45.54,2015,7,9
27705,27706,World,,WLD,Millimeters,World,07/19/2015,46.74,2015,7,19
27730,27731,World,,WLD,Millimeters,World,07/29/2015,47.84,2015,7,29
27755,27756,World,,WLD,Millimeters,World,08/08/2015,50.94,2015,8,8
27780,27781,World,,WLD,Millimeters,World,08/18/2015,50.94,2015,8,18
27806,27807,World,,WLD,Millimeters,World,08/28/2015,56.24,2015,8,28
27830,27831,World,,WLD,Millimeters,World,09/07/2015,57.74,2015,9,7
27851,27852,World,,WLD,Millimeters,World,09/16/2015,57.24,2015,9,16
27878,27879,World,,WLD,Millimeters,World,09/26/2015,59.94,2015,9,26
27904,27905,World,,WLD,Millimeters,World,10/06/2015,61.24,2015,10,6
27929,27930,World,,WLD,Millimeters,World,10/16/2015,62.34,2015,10,16
27954,27955,World,,WLD,Millimeters,World,10/26/2015,64.54,2015,10,26
27980,27981,World,,WLD,Millimeters,World,11/05/2015,60.84,2015,11,5
28005,28006,World,,WLD,Millimeters,World,11/15/2015,56.74,2015,11,15
28030,28031,World,,WLD,Millimeters,World,11/25/2015,58.94,2015,11,25
28055,28056,World,,WLD,Millimeters,World,12/05/2015,58.64,2015,12,5
28080,28081,World,,WLD,Millimeters,World,12/15/2015,56.44,2015,12,15
28106,28107,World,,WLD,Millimeters,World,12/25/2015,54.44,2015,12,25
28126,28127,World,,WLD,Millimeters,World,01/03/2016,49.54,2016,1,3
28152,28153,World,,WLD,Millimeters,World,01/13/2016,52.14,2016,1,13
28177,28178,World,,WLD,Millimeters,World,01/23/2016,55.04,2016,1,23
28203,28204,World,,WLD,Millimeters,World,02/02/2016,50.84,2016,2,2
28229,28230,World,,WLD,Millimeters,World,02/12/2016,52.94,2016,2,12
28251,28252,World,,WLD,Millimeters,World,02/14/2016,51.38,2016,2,14
28281,28282,World,,WLD,Millimeters,World,02/22/2016,51.34,2016,2,22
28301,28302,World,,WLD,Millimeters,World,02/22/2016,50.78,2016,2,22
28331,28332,World,,WLD,Millimeters,World,03/03/2016,51.34,2016,3,3
28354,28355,World,,WLD,Millimeters,World,03/03/2016,50.78,2016,3,3
28381,28382,World,,WLD,Millimeters,World,03/12/2016,48.38,2016,3,12
28402,28403,World,,WLD,Millimeters,World,03/13/2016,49.04,2016,3,13
28432,28433,World,,WLD,Millimeters,World,03/23/2016,51.64,2016,3,23
28453,28454,World,,WLD,Millimeters,World,03/23/2016,52.48,2016,3,23
28471,28472,World,,WLD,Millimeters,World,04/01/2016,49.74,2016,4,1
28505,28506,World,,WLD,Millimeters,World,04/02/2016,49.08,2016,4,2
28532,28533,World,,WLD,Millimeters,World,04/12/2016,48.84,2016,4,12
28554,28555,World,,WLD,Millimeters,World,04/12/2016,48.88,2016,4,12
28583,28584,World,,WLD,Millimeters,World,04/22/2016,47.54,2016,4,22
28604,28605,World,,WLD,Millimeters,World,04/22/2016,47.18,2016,4,22
28636,28637,World,,WLD,Millimeters,World,05/02/2016,47.24,2016,5,2
28654,28655,World,,WLD,Millimeters,World,05/02/2016,46.68,2016,5,2
28686,28687,World,,WLD,Millimeters,World,05/12/2016,46.94,2016,5,12
28704,28705,World,,WLD,Millimeters,World,05/12/2016,46.78,2016,5,12
28740,28741,World,,WLD,Millimeters,World,05/22/2016,45.44,2016,5,22
28754,28755,World,,WLD,Millimeters,World,05/22/2016,46.38,2016,5,22
28775,28776,World,,WLD,Millimeters,World,05/31/2016,48.24,2016,5,31
28790,28791,World,,WLD,Millimeters,World,05/31/2016,48.38,2016,5,31
28826,28827,World,,WLD,Millimeters,World,06/10/2016,48.34,2016,6,10
28846,28847,World,,WLD,Millimeters,World,06/10/2016,48.18,2016,6,10
28874,28875,World,,WLD,Millimeters,World,06/20/2016,50.64,2016,6,20
28893,28894,World,,WLD,Millimeters,World,06/20/2016,50.28,2016,6,20
28928,28929,World,,WLD,Millimeters,World,06/30/2016,48.94,2016,6,30
28948,28949,World,,WLD,Millimeters,World,06/30/2016,49.08,2016,6,30
28978,28979,World,,WLD,Millimeters,World,07/10/2016,48.94,2016,7,10
28998,28999,World,,WLD,Millimeters,World,07/10/2016,48.98,2016,7,10
29029,29030,World,,WLD,Millimeters,World,07/20/2016,50.04,2016,7,20
29051,29052,World,,WLD,Millimeters,World,07/20/2016,49.58,2016,7,20
29081,29082,World,,WLD,Millimeters,World,07/30/2016,48.84,2016,7,30
29104,29105,World,,WLD,Millimeters,World,07/30/2016,47.98,2016,7,30
29130,29131,World,,WLD,Millimeters,World,08/09/2016,49.74,2016,8,9
29153,29154,World,,WLD,Millimeters,World,08/09/2016,48.78,2016,8,9
29181,29182,World,,WLD,Millimeters,World,08/19/2016,50.24,2016,8,19
29204,29205,World,,WLD,Millimeters,World,08/19/2016,49.08,2016,8,19
29232,29233,World,,WLD,Millimeters,World,08/29/2016,55.34,2016,8,29
29254,29255,World,,WLD,Millimeters,World,08/29/2016,54.68,2016,8,29
29281,29282,World,,WLD,Millimeters,World,09/08/2016,57.64,2016,9,8
29304,29305,World,,WLD,Millimeters,World,09/08/2016,57.48,2016,9,8
29337,29338,World,,WLD,Millimeters,World,09/18/2016,57.44,2016,9,18
29353,29354,World,,WLD,Millimeters,World,09/18/2016,58.88,2016,9,18
29386,29387,World,,WLD,Millimeters,World,09/28/2016,56.24,2016,9,28
29404,29405,World,,WLD,Millimeters,World,09/28/2016,58.48,2016,9,28
29431,29432,World,,WLD,Millimeters,World,10/08/2016,57.08,2016,10,8
29456,29457,World,,WLD,Millimeters,World,10/16/2016,56.54,2016,10,16
29480,29481,World,,WLD,Millimeters,World,10/18/2016,60.48,2016,10,18
29506,29507,World,,WLD,Millimeters,World,10/23/2016,60.34,2016,10,23
29530,29531,World,,WLD,Millimeters,World,10/28/2016,61.08,2016,10,28
29556,29557,World,,WLD,Millimeters,World,11/02/2016,59.84,2016,11,2
29573,29574,World,,WLD,Millimeters,World,11/06/2016,62.68,2016,11,6
29599,29600,World,,WLD,Millimeters,World,11/11/2016,60.44,2016,11,11
29627,29628,World,,WLD,Millimeters,World,11/16/2016,62.88,2016,11,16
29651,29652,World,,WLD,Millimeters,World,11/21/2016,61.24,2016,11,21
29675,29676,World,,WLD,Millimeters,World,11/26/2016,65.48,2016,11,26
29703,29704,World,,WLD,Millimeters,World,12/01/2016,60.64,2016,12,1
29730,29731,World,,WLD,Millimeters,World,12/06/2016,61.28,2016,12,6
29754,29755,World,,WLD,Millimeters,World,12/11/2016,58.64,2016,12,11
29780,29781,World,,WLD,Millimeters,World,12/16/2016,58.18,2016,12,16
29804,29805,World,,WLD,Millimeters,World,12/21/2016,56.94,2016,12,21
29829,29830,World,,WLD,Millimeters,World,12/26/2016,55.88,2016,12,26
29855,29856,World,,WLD,Millimeters,World,12/31/2016,53.24,2016,12,31
29880,29881,World,,WLD,Millimeters,World,01/05/2017,54.08,2017,1,5
29905,29906,World,,WLD,Millimeters,World,01/10/2017,54.44,2017,1,10
29930,29931,World,,WLD,Millimeters,World,01/15/2017,54.58,2017,1,15
29955,29956,World,,WLD,Millimeters,World,01/20/2017,53.74,2017,1,20
29980,29981,World,,WLD,Millimeters,World,01/25/2017,52.38,2017,1,25
30005,30006,World,,WLD,Millimeters,World,01/30/2017,51.34,2017,1,30
30030,30031,World,,WLD,Millimeters,World,02/04/2017,49.08,2017,2,4
30056,30057,World,,WLD,Millimeters,World,02/09/2017,47.74,2017,2,9
30080,30081,World,,WLD,Millimeters,World,02/14/2017,48.68,2017,2,14
30105,30106,World,,WLD,Millimeters,World,02/19/2017,49.44,2017,2,19
30130,30131,World,,WLD,Millimeters,World,02/24/2017,48.18,2017,2,24
30156,30157,World,,WLD,Millimeters,World,03/01/2017,48.04,2017,3,1
30180,30181,World,,WLD,Millimeters,World,03/06/2017,49.18,2017,3,6
30201,30202,World,,WLD,Millimeters,World,03/10/2017,50.04,2017,3,10
30224,30225,World,,WLD,Millimeters,World,03/15/2017,49.08,2017,3,15
30246,30247,World,,WLD,Millimeters,World,03/16/2017,51.04,2017,3,16
30275,30276,World,,WLD,Millimeters,World,03/25/2017,49.38,2017,3,25
30303,30304,World,,WLD,Millimeters,World,04/02/2017,51.14,2017,4,2
30324,30325,World,,WLD,Millimeters,World,04/04/2017,50.48,2017,4,4
30352,30353,World,,WLD,Millimeters,World,04/09/2017,49.54,2017,4,9
30378,30379,World,,WLD,Millimeters,World,04/14/2017,48.58,2017,4,14
30401,30402,World,,WLD,Millimeters,World,04/19/2017,51.04,2017,4,19
30428,30429,World,,WLD,Millimeters,World,04/24/2017,48.38,2017,4,24
30454,30455,World,,WLD,Millimeters,World,04/29/2017,49.14,2017,4,29
30477,30478,World,,WLD,Millimeters,World,05/04/2017,47.98,2017,5,4
30503,30504,World,,WLD,Millimeters,World,05/09/2017,48.34,2017,5,9
30528,30529,World,,WLD,Millimeters,World,05/14/2017,47.28,2017,5,14
30554,30555,World,,WLD,Millimeters,World,05/16/2017,47.04,2017,5,16
30578,30579,World,,WLD,Millimeters,World,05/24/2017,44.18,2017,5,24
30603,30604,World,,WLD,Millimeters,World,06/03/2017,46.98,2017,6,3
30629,30630,World,,WLD,Millimeters,World,06/13/2017,46.88,2017,6,13
30653,30654,World,,WLD,Millimeters,World,06/23/2017,47.38,2017,6,23
30672,30673,World,,WLD,Millimeters,World,07/02/2017,48.98,2017,7,2
30699,30700,World,,WLD,Millimeters,World,07/12/2017,49.78,2017,7,12
30727,30728,World,,WLD,Millimeters,World,07/22/2017,50.38,2017,7,22
30753,30754,World,,WLD,Millimeters,World,08/01/2017,55.08,2017,8,1
30778,30779,World,,WLD,Millimeters,World,08/11/2017,54.18,2017,8,11
30803,30804,World,,WLD,Millimeters,World,08/21/2017,55.28,2017,8,21
30828,30829,World,,WLD,Millimeters,World,08/31/2017,57.48,2017,8,31
30853,30854,World,,WLD,Millimeters,World,09/10/2017,60.88,2017,9,10
30878,30879,World,,WLD,Millimeters,World,09/20/2017,62.48,2017,9,20
30903,30904,World,,WLD,Millimeters,World,09/30/2017,60.88,2017,9,30
30929,30930,World,,WLD,Millimeters,World,10/10/2017,61.88,2017,10,10
30948,30949,World,,WLD,Millimeters,World,10/19/2017,63.98,2017,10,19
30974,30975,World,,WLD,Millimeters,World,10/29/2017,65.78,2017,10,29
31002,31003,World,,WLD,Millimeters,World,11/08/2017,67.08,2017,11,8
31027,31028,World,,WLD,Millimeters,World,11/18/2017,65.98,2017,11,18
31053,31054,World,,WLD,Millimeters,World,11/28/2017,65.88,2017,11,28
31078,31079,World,,WLD,Millimeters,World,12/08/2017,64.28,2017,12,8
31103,31104,World,,WLD,Millimeters,World,12/18/2017,63.28,2017,12,18
31128,31129,World,,WLD,Millimeters,World,12/28/2017,58.98,2017,12,28
31153,31154,World,,WLD,Millimeters,World,01/07/2018,57.68,2018,1,7
31178,31179,World,,WLD,Millimeters,World,01/17/2018,57.48,2018,1,17
31203,31204,World,,WLD,Millimeters,World,01/27/2018,57.18,2018,1,27
31223,31224,World,,WLD,Millimeters,World,02/05/2018,56.58,2018,2,5
31249,31250,World,,WLD,Millimeters,World,02/15/2018,51.98,2018,2,15
31277,31278,World,,WLD,Millimeters,World,02/25/2018,50.08,2018,2,25
31302,31303,World,,WLD,Millimeters,World,03/07/2018,53.48,2018,3,7
31328,31329,World,,WLD,Millimeters,World,03/17/2018,53.38,2018,3,17
31353,31354,World,,WLD,Millimeters,World,03/27/2018,51.68,2018,3,27
31378,31379,World,,WLD,Millimeters,World,04/06/2018,49.48,2018,4,6
31403,31404,World,,WLD,Millimeters,World,04/16/2018,50.68,2018,4,16
31428,31429,World,,WLD,Millimeters,World,04/26/2018,50.88,2018,4,26
31454,31455,World,,WLD,Millimeters,World,05/06/2018,51.28,2018,5,6
31478,31479,World,,WLD,Millimeters,World,05/16/2018,50.98,2018,5,16
31497,31498,World,,WLD,Millimeters,World,05/25/2018,49.68,2018,5,25
31523,31524,World,,WLD,Millimeters,World,06/04/2018,50.68,2018,6,4
31551,31552,World,,WLD,Millimeters,World,06/14/2018,50.88,2018,6,14
31577,31578,World,,WLD,Millimeters,World,06/24/2018,50.68,2018,6,24
31603,31604,World,,WLD,Millimeters,World,07/04/2018,51.68,2018,7,4
31628,31629,World,,WLD,Millimeters,World,07/14/2018,54.28,2018,7,14
31653,31654,World,,WLD,Millimeters,World,07/24/2018,55.18,2018,7,24
31678,31679,World,,WLD,Millimeters,World,08/03/2018,55.38,2018,8,3
31703,31704,World,,WLD,Millimeters,World,08/13/2018,56.88,2018,8,13
31728,31729,World,,WLD,Millimeters,World,08/23/2018,58.28,2018,8,23
31754,31755,World,,WLD,Millimeters,World,09/02/2018,60.58,2018,9,2
31773,31774,World,,WLD,Millimeters,World,09/11/2018,64.48,2018,9,11
31798,31799,World,,WLD,Millimeters,World,09/21/2018,65.18,2018,9,21
31827,31828,World,,WLD,Millimeters,World,10/01/2018,69.08,2018,10,1
31852,31853,World,,WLD,Millimeters,World,10/11/2018,67.68,2018,10,11
31878,31879,World,,WLD,Millimeters,World,10/21/2018,69.18,2018,10,21
31902,31903,World,,WLD,Millimeters,World,10/31/2018,70.98,2018,10,31
31928,31929,World,,WLD,Millimeters,World,11/10/2018,68.58,2018,11,10
31953,31954,World,,WLD,Millimeters,World,11/20/2018,66.98,2018,11,20
31978,31979,World,,WLD,Millimeters,World,11/30/2018,64.48,2018,11,30
32004,32005,World,,WLD,Millimeters,World,12/10/2018,64.18,2018,12,10
32028,32029,World,,WLD,Millimeters,World,12/20/2018,63.28,2018,12,20
32048,32049,World,,WLD,Millimeters,World,12/29/2018,62.98,2018,12,29
32074,32075,World,,WLD,Millimeters,World,01/08/2019,59.78,2019,1,8
32102,32103,World,,WLD,Millimeters,World,01/18/2019,63.58,2019,1,18
32128,32129,World,,WLD,Millimeters,World,01/28/2019,59.48,2019,1,28
32153,32154,World,,WLD,Millimeters,World,02/07/2019,60.68,2019,2,7
32178,32179,World,,WLD,Millimeters,World,02/17/2019,58.98,2019,2,17
32203,32204,World,,WLD,Millimeters,World,02/23/2019,58.38,2019,2,23
32227,32228,World,,WLD,Millimeters,World,03/10/2019,58.28,2019,3,10
32252,32253,World,,WLD,Millimeters,World,03/19/2019,60.18,2019,3,19
32277,32278,World,,WLD,Millimeters,World,03/29/2019,58.88,2019,3,29
32300,32301,World,,WLD,Millimeters,World,04/05/2019,57.38,2019,4,5
32322,32323,World,,WLD,Millimeters,World,04/17/2019,56.78,2019,4,17
32347,32348,World,,WLD,Millimeters,World,04/27/2019,58.48,2019,4,27
32376,32377,World,,WLD,Millimeters,World,05/07/2019,60.58,2019,5,7
32402,32403,World,,WLD,Millimeters,World,05/17/2019,57.38,2019,5,17
32427,32428,World,,WLD,Millimeters,World,05/27/2019,55.78,2019,5,27
32452,32453,World,,WLD,Millimeters,World,06/06/2019,54.98,2019,6,6
32477,32478,World,,WLD,Millimeters,World,06/16/2019,59.38,2019,6,16
32502,32503,World,,WLD,Millimeters,World,06/26/2019,59.38,2019,6,26
32527,32528,World,,WLD,Millimeters,World,07/06/2019,61.18,2019,7,6
32553,32554,World,,WLD,Millimeters,World,07/16/2019,60.18,2019,7,16
32578,32579,World,,WLD,Millimeters,World,07/26/2019,60.68,2019,7,26
32594,32595,World,,WLD,Millimeters,World,08/04/2019,61.88,2019,8,4
32621,32622,World,,WLD,Millimeters,World,08/14/2019,66.58,2019,8,14
32650,32651,World,,WLD,Millimeters,World,08/24/2019,69.08,2019,8,24
32677,32678,World,,WLD,Millimeters,World,09/03/2019,68.98,2019,9,3
32702,32703,World,,WLD,Millimeters,World,09/13/2019,70.68,2019,9,13
32727,32728,World,,WLD,Millimeters,World,09/23/2019,71.58,2019,9,23
32752,32753,World,,WLD,Millimeters,World,10/03/2019,70.68,2019,10,3
32777,32778,World,,WLD,Millimeters,World,10/13/2019,73.18,2019,10,13
32802,32803,World,,WLD,Millimeters,World,10/23/2019,72.98,2019,10,23
32827,32828,World,,WLD,Millimeters,World,11/02/2019,71.48,2019,11,2
32852,32853,World,,WLD,Millimeters,World,11/12/2019,74.78,2019,11,12
32872,32873,World,,WLD,Millimeters,World,11/21/2019,72.28,2019,11,21
32899,32900,World,,WLD,Millimeters,World,12/01/2019,71.28,2019,12,1
32925,32926,World,,WLD,Millimeters,World,12/11/2019,70.98,2019,12,11
32952,32953,World,,WLD,Millimeters,World,12/21/2019,68.88,2019,12,21
32977,32978,World,,WLD,Millimeters,World,12/31/2019,67.48,2019,12,31
33002,33003,World,,WLD,Millimeters,World,01/10/2020,63.58,2020,1,10
33027,33028,World,,WLD,Millimeters,World,01/20/2020,61.28,2020,1,20
33053,33054,World,,WLD,Millimeters,World,01/28/2020,61.98,2020,1,28
33065,33066,World,,WLD,Millimeters,World,02/10/2020,65.78,2020,2,10
33099,33100,World,,WLD,Millimeters,World,02/19/2020,63.98,2020,2,19
33124,33125,World,,WLD,Millimeters,World,02/29/2020,60.18,2020,2,29
33149,33150,World,,WLD,Millimeters,World,03/10/2020,61.68,2020,3,10
33174,33175,World,,WLD,Millimeters,World,03/20/2020,58.18,2020,3,20
33200,33201,World,,WLD,Millimeters,World,03/30/2020,60.08,2020,3,30
33220,33221,World,,WLD,Millimeters,World,04/08/2020,62.28,2020,4,8
33246,33247,World,,WLD,Millimeters,World,04/18/2020,59.68,2020,4,18
33272,33273,World,,WLD,Millimeters,World,04/28/2020,59.18,2020,4,28
33297,33298,World,,WLD,Millimeters,World,05/08/2020,60.88,2020,5,8
33324,33325,World,,WLD,Millimeters,World,05/18/2020,61.38,2020,5,18
33349,33350,World,,WLD,Millimeters,World,05/28/2020,62.38,2020,5,28
33374,33375,World,,WLD,Millimeters,World,06/07/2020,62.48,2020,6,7
33399,33400,World,,WLD,Millimeters,World,06/17/2020,59.68,2020,6,17
33424,33425,World,,WLD,Millimeters,World,06/27/2020,62.58,2020,6,27
33449,33450,World,,WLD,Millimeters,World,07/07/2020,62.08,2020,7,7
33474,33475,World,,WLD,Millimeters,World,07/17/2020,63.98,2020,7,17
33500,33501,World,,WLD,Millimeters,World,07/27/2020,65.58,2020,7,27
33524,33525,World,,WLD,Millimeters,World,08/06/2020,66.48,2020,8,6
33549,33550,World,,WLD,Millimeters,World,08/16/2020,65.38,2020,8,16
33574,33575,World,,WLD,Millimeters,World,08/26/2020,68.18,2020,8,26
33599,33600,World,,WLD,Millimeters,World,09/05/2020,70.98,2020,9,5
33619,33620,World,,WLD,Millimeters,World,09/14/2020,72.28,2020,9,14
33645,33646,World,,WLD,Millimeters,World,09/24/2020,73.48,2020,9,24
33672,33673,World,,WLD,Millimeters,World,10/04/2020,75.48,2020,10,4
33699,33700,World,,WLD,Millimeters,World,10/14/2020,77.78,2020,10,14
33724,33725,World,,WLD,Millimeters,World,10/24/2020,78.18,2020,10,24
33742,33743,World,,WLD,Millimeters,World,11/03/2020,79.68,2020,11,3
33774,33775,World,,WLD,Millimeters,World,11/13/2020,77.68,2020,11,13
33799,33800,World,,WLD,Millimeters,World,11/23/2020,73.28,2020,11,23
33824,33825,World,,WLD,Millimeters,World,12/03/2020,75.78,2020,12,3
33849,33850,World,,WLD,Millimeters,World,12/13/2020,72.78,2020,12,13
33874,33875,World,,WLD,Millimeters,World,12/23/2020,72.08,2020,12,23
33899,33900,World,,WLD,Millimeters,World,01/02/2021,71.38,2021,1,2
33924,33925,World,,WLD,Millimeters,World,01/12/2021,71.88,2021,1,12
33949,33950,World,,WLD,Millimeters,World,01/22/2021,70.88,2021,1,22
33968,33969,World,,WLD,Millimeters,World,01/31/2021,71.78,2021,1,31
33995,33996,World,,WLD,Millimeters,World,02/10/2021,67.38,2021,2,10
34022,34023,World,,WLD,Millimeters,World,02/20/2021,64.78,2021,2,20
34049,34050,World,,WLD,Millimeters,World,03/02/2021,62.68,2021,3,2
34074,34075,World,,WLD,Millimeters,World,03/12/2021,64.28,2021,3,12
34099,34100,World,,WLD,Millimeters,World,03/22/2021,65.18,2021,3,22
34124,34125,World,,WLD,Millimeters,World,04/01/2021,67.48,2021,4,1
34149,34150,World,,WLD,Millimeters,World,04/11/2021,68.28,2021,4,11
34174,34175,World,,WLD,Millimeters,World,04/21/2021,68.08,2021,4,21
34200,34201,World,,WLD,Millimeters,World,05/01/2021,63.98,2021,5,1
34225,34226,World,,WLD,Millimeters,World,05/11/2021,65.38,2021,5,11
34243,34244,World,,WLD,Millimeters,World,05/20/2021,66.48,2021,5,20
34271,34272,World,,WLD,Millimeters,World,05/30/2021,65.38,2021,5,30
34296,34297,World,,WLD,Millimeters,World,06/09/2021,62.58,2021,6,9
34323,34324,World,,WLD,Millimeters,World,06/19/2021,66.38,2021,6,19
34349,34350,World,,WLD,Millimeters,World,06/29/2021,67.18,2021,6,29
34374,34375,World,,WLD,Millimeters,World,07/09/2021,68.08,2021,7,9
34399,34400,World,,WLD,Millimeters,World,07/19/2021,68.18,2021,7,19
34424,34425,World,,WLD,Millimeters,World,07/29/2021,71.58,2021,7,29
34449,34450,World,,WLD,Millimeters,World,08/08/2021,73.28,2021,8,8
34474,34475,World,,WLD,Millimeters,World,08/18/2021,74.98,2021,8,18
34499,34500,World,,WLD,Millimeters,World,08/28/2021,72.28,2021,8,28
34519,34520,World,,WLD,Millimeters,World,09/06/2021,75.18,2021,9,6
34544,34545,World,,WLD,Millimeters,World,09/16/2021,78.58,2021,9,16
34571,34572,World,,WLD,Millimeters,World,09/26/2021,79.58,2021,9,26
34597,34598,World,,WLD,Millimeters,World,10/06/2021,81.28,2021,10,6
34624,34625,World,,WLD,Millimeters,World,10/16/2021,82.08,2021,10,16
34649,34650,World,,WLD,Millimeters,World,10/26/2021,84.38,2021,10,26
34674,34675,World,,WLD,Millimeters,World,11/05/2021,81.88,2021,11,5
34699,34700,World,,WLD,Millimeters,World,11/15/2021,79.78,2021,11,15
34724,34725,World,,WLD,Millimeters,World,11/25/2021,81.38,2021,11,25
34749,34750,World,,WLD,Millimeters,World,12/05/2021,82.58,2021,12,5
34774,34775,World,,WLD,Millimeters,World,12/15/2021,76.98,2021,12,15
34794,34795,World,,WLD,Millimeters,World,12/24/2021,73.98,2021,12,24
34822,34823,World,,WLD,Millimeters,World,01/03/2022,74.88,2022,1,3
34847,34848,World,,WLD,Millimeters,World,01/13/2022,75.98,2022,1,13
34874,34875,World,,WLD,Millimeters,World,01/23/2022,75.58,2022,1,23
34899,34900,World,,WLD,Millimeters,World,02/02/2022,71.98,2022,2,2
34924,34925,World,,WLD,Millimeters,World,02/12/2022,73.08,2022,2,12
34947,34948,World,,WLD,Millimeters,World,02/22/2022,67.08,2022,2,22
34967,34968,World,,WLD,Millimeters,World,03/04/2022,64.48,2022,3,4
34985,34986,World,,WLD,Millimeters,World,03/13/2022,67.58,2022,3,13
35012,35013,World,,WLD,Millimeters,World,03/23/2022,71.38,2022,3,23
35041,35042,World,,WLD,Millimeters,World,04/03/2022,69.58,2022,4,3
35053,35054,World,,WLD,Millimeters,World,04/08/2022,71.28,2022,4,8
35076,35077,World,,WLD,Millimeters,World,04/27/2022,64.18,2022,4,27
35100,35101,World,,WLD,Millimeters,World,05/04/2022,67.78,2022,5,4
35127,35128,World,,WLD,Millimeters,World,05/14/2022,65.98,2022,5,14
35151,35152,World,,WLD,Millimeters,World,05/24/2022,67.48,2022,5,24
35177,35178,World,,WLD,Millimeters,World,06/03/2022,65.98,2022,6,3
35202,35203,World,,WLD,Millimeters,World,06/13/2022,67.38,2022,6,13
35227,35228,World,,WLD,Millimeters,World,06/23/2022,67.38,2022,6,23
35252,35253,World,,WLD,Millimeters,World,07/03/2022,70.68,2022,7,3
35277,35278,World,,WLD,Millimeters,World,07/13/2022,72.08,2022,7,13
35296,35297,World,,WLD,Millimeters,World,07/22/2022,73.58,2022,7,22
35323,35324,World,,WLD,Millimeters,World,08/01/2022,71.58,2022,8,1
35351,35352,World,,WLD,Millimeters,World,08/11/2022,70.48,2022,8,11
35377,35378,World,,WLD,Millimeters,World,08/21/2022,73.48,2022,8,21
35401,35402,World,,WLD,Millimeters,World,08/31/2022,74.28,2022,8,31
35427,35428,World,,WLD,Millimeters,World,09/10/2022,78.18,2022,9,10
35452,35453,World,,WLD,Millimeters,World,09/20/2022,79.68,2022,9,20
35476,35477,World,,WLD,Millimeters,World,09/30/2022,83.38,2022,9,30
35502,35503,World,,WLD,Millimeters,World,10/10/2022,82.98,2022,10,10
35526,35527,World,,WLD,Millimeters,World,10/19/2022,82.68,2022,10,19
35547,35548,World,,WLD,Millimeters,World,10/30/2022,83.48,2022,10,30
35577,35578,World,,WLD,Millimeters,World,11/08/2022,84.28,2022,11,8
35602,35603,World,,WLD,Millimeters,World,11/08/2022,3.07,2022,11,8
